taxa,PC1,PC2,PC3,PC4,PC5,PC6
0,-97.2859132126347,-12.4639249504167,64.4406181120342,-3.88492839298167,2.2151614038884,-0.0168982037572796
2,140.939760879793,72.1055724042008,17.2588234208448,0.872953452867879,-9.74242487587063,-35.2306794871959
2,117.195120440081,-62.4611091323976,-12.855816163872,-17.6749244563806,-2.32466768344263,-31.162612380324
2,-8.63546092466111,-22.8266069430232,-8.57086479724648,127.460197348791,2.96137547923581,-1.99497537029727
2,110.593599156728,-61.0058361293758,-12.4194579878206,-17.7708857733746,-0.372108299097545,-35.1077395577139
0,-55.9258399337422,9.65718932202129,-55.4002622843034,-1.47195220756961,-3.26455901808625,-4.6855200133788
0,-64.9251368509269,11.0544653380958,-54.7414937860299,2.56417089542774,-15.9645381979789,-0.0613612598467439
0,-78.9320506409949,-10.5263287097503,39.5676093893557,8.93462715578169,0.878211600843852,-2.3284667452343
0,-98.263471618899,-10.9541276570565,68.3751897794553,-6.55598347055198,0.43734944168864,-0.820205137649538
2,119.475365655655,-90.8748769255513,-10.3165489392075,-4.92009071699593,-3.86340741788571,2.28477817649123
0,-66.9330688591157,10.7378302016948,-56.9263768998409,-3.63940083076862,13.0154552617806,-11.0836710472903
2,-1.85993030773406,-29.3527575821906,-7.30071962569879,129.452188837993,1.82227123969876,-2.35371160109741
0,125.200593974578,64.9265649361506,21.8730486203016,-1.64608061264478,8.82753045236471,36.1682814574493
2,120.65675081082,-80.5307735267362,-4.9938828759062,-2.62521899325946,0.261608040668619,22.3879752359793
0,-88.3626280615886,4.75482937847818,-7.03568783721852,-17.2146103807332,-31.9477918607283,12.7209443123371
0,-69.7343565486557,13.1800051128142,-61.9105065457608,-3.53167996455925,23.4055295968459,-11.771071010524
0,-70.1912418337551,14.3966261391728,-63.2326531552626,-8.33694959768079,-20.3387774559094,5.25234837890204
0,-74.8369934163003,15.7719527908672,-69.0532858898588,-6.10279547930599,-42.5721403239616,12.0441973570206
0,-71.8689708648273,17.1876907983111,-68.8082917269662,-5.56222266710821,-37.6654921885299,11.3095293716966
0,-74.9033140834925,15.7562806019243,-69.0197363083373,-6.17047750710047,-42.5295441537448,12.2003652380459
0,-69.6680394649396,13.3574232329489,-65.4486780420584,-11.3956889883231,-24.8685478308472,2.14133520994041
2,129.137026745883,58.0602079956874,16.1086706072503,1.07099104634932,-0.0130232761831974,13.532574702018
0,-100.016497132363,-10.9525993701632,71.3342180726669,-8.4383628133031,0.994017933047234,-0.115437049812647
0,-96.1171984528495,-10.5183542243178,58.4007686975699,-2.60182416636563,1.63661451459148,-3.13466037268687
2,126.589542841027,-95.8138047724222,-10.8058269004865,-9.58115274245833,-1.32800225033346,-10.5049017932521
2,126.208888349824,36.6508529824212,12.7058653446819,5.29468448225701,-1.35350140390486,27.1373249079527
2,133.144554169988,-42.5197340675184,-0.306374064179222,-10.9752255506232,-0.703423528699854,0.573644540712179
0,-68.0845360869527,1.99748331256528,-10.7519723601544,11.7837279618409,2.29106184450842,-9.25346078186305
0,125.434089392168,69.697745125984,15.6013308242992,-1.656063894986,-8.63385909581835,-28.3337777853949
2,128.576593600301,-82.1353267407536,-9.60077801974733,-13.889522901395,-0.104192273189773,-19.620956573535
2,-15.8414228835772,-22.5824370328661,-7.77383595430838,124.126011358803,1.63867352955332,-5.4479712027761
2,-73.4435380747882,15.4860235886951,-67.1373050034499,-8.13170832430474,-25.3055990673908,1.54996407389761
2,122.300147346696,-86.4089306593637,-8.19934175950636,-4.85828257943867,3.22017978750876,25.7230255867386
2,130.329841637851,-97.7817400679085,-8.40084329738114,-11.0096830293395,-0.263562184408243,4.74468804711947
0,-94.3917787378581,-11.0019507048637,65.1037660953065,-8.19549878494829,0.50868504125764,0.330217544708775
2,-2.32394963352055,-29.0990419234201,-7.2479672080319,128.527401628492,1.6441065450205,-2.40855860867834
0,-61.6963478841357,-9.94487600104713,23.1296921538289,35.09665524509,1.73197402848605,-2.22055604610042
0,-98.2649813855299,-10.5757526752631,64.4488926132518,-7.97007556195622,-0.178251695917112,-0.454243443992725
2,139.02294714171,71.9928122555303,19.0490278590673,-0.129529264528779,-11.2425119076375,-48.5881077132504
2,124.727237080505,-85.0360310854343,-5.33399629139195,-5.80492736880493,-1.91114389419021,-0.525356635976494
0,-68.1330311526293,9.45160607064138,-42.8825280185553,8.49096467201462,-8.93815271434821,-8.22496373047176
0,-79.6684059627986,2.32957280465013,10.6094663284233,-0.532458331863149,-6.23699931360376,-6.48675807549438
2,138.359235799299,71.2173481490384,19.0216498856231,0.911005349547327,-3.07018259556979,-11.6669769945473
0,-74.7815073499385,15.7879948512191,-68.9942397430023,-6.04725511344126,-42.3419220383805,12.0276054975675
0,-89.6218091847623,-9.92665040136349,57.0612634218215,-2.9099115248957,-0.180972254004851,-1.4605669414084
0,54.0312793741384,51.2061496871924,-13.4905794608555,-4.22065057722,-2.80295476550634,-31.4747073216975
2,-72.2737464516993,15.4837408847499,-66.4259046197988,-6.44765946939387,-26.9664619569183,2.50956641082869
2,-69.7296378699344,15.207865744495,-66.6015577302734,-8.10074892082267,-21.9234729276879,-0.854032747589835
0,135.988893531775,61.3781114346891,18.2574503975862,3.04914109960423,9.74594542590971,42.125927821411
0,-69.9192915713338,13.358301907877,-65.9286501519916,-11.0933855713418,-25.0389034520842,2.26384257854627
0,127.367160981285,65.1074966165579,15.6176027357442,-1.58676883881767,8.19587465166035,28.6282047924441
0,-30.8421106467148,18.3370611105432,-38.4403701247816,8.03458415391037,-4.04521817862384,-2.62499381286482
0,134.798571800272,73.4985203959495,20.3966741481577,-1.36372165845247,5.03447197027001,20.4505821192613
2,131.876249864088,45.5476773335279,15.0566920017455,-0.293464055462573,0.29397558267309,27.1470779144859
2,118.175961937232,-91.0690973019235,-9.45109285795191,-6.98837348721348,-1.25118317440079,-2.66800011871176
0,-93.555399326963,-6.17691971868893,42.5384412226053,-15.1466039973197,-9.62423829905119,5.92002690757166
0,24.6613690583424,6.4769404594334,-21.6739053595445,32.7667846007885,3.62180465065369,19.9870404341816
2,123.971606770355,-93.1092794780684,-12.1360924980817,-11.912938461563,0.311439478945344,-12.9578708966925
0,-97.850219801857,-10.168714612718,62.2440123583506,-6.47522924140102,0.254947617406669,-1.89775653281754
0,-67.0217600867149,9.98219828124898,-49.2590531077346,6.49426904312741,-4.73944606549429,-7.33373949603767
2,126.533245585287,-79.1401582639479,-7.14908030103926,-4.67853992677336,0.524525782252094,9.15610971127198
0,-66.959625050921,2.08660368212177,-12.2898929868514,11.6841403327011,3.82937227221464,-9.91340987413474
2,112.372748063035,-60.8715348593386,-12.0997567991977,-15.2919470316011,2.05992343180887,-33.3720931243485
0,-69.3775230472113,10.4810986250175,-58.0915942662392,-6.48006232152362,7.56353999084109,-11.6492860125802
0,-71.3790667183853,15.3889201003417,-65.4536013132734,-3.74174376967125,-35.4770697651904,9.43613725940492
2,-14.0288655135876,-23.0297426854554,-8.3350532086317,123.954889062315,1.96424980086003,-5.1239300958452
0,-99.011738630869,-10.4265447000175,69.9874094628015,-7.53861520381435,1.19038062276213,-1.61722967264812
0,-69.3105879451068,3.98759656875344,-25.3642523612425,4.48053140074036,0.908363484194012,-9.87527318880166
0,130.823212272804,61.2192111667698,15.8310033176927,-0.105959610229184,-6.15469810152349,-8.92823089234976
0,-57.9827246287829,12.4843912727809,-47.2260718498057,-4.71122390559047,50.6664319260012,1.81074497893717
0,-71.5597735749069,12.5779001280048,-63.0389645353596,-3.97551584827788,-31.4931135910965,2.40822701749198
0,-85.4608907732145,3.83175869357225,-2.29296103865005,-13.926755634771,-19.0381776031723,4.55527452431806
0,-62.928725786468,17.093681663858,-57.8379403893976,-12.2934141496471,59.5563955691175,-6.53515743081504
0,-87.1994685531398,-4.1470157751519,61.9964847409494,-6.66766947466945,7.15524216008591,3.86853465849148
2,113.491709002362,-61.5880831152265,-12.5316526467719,-15.3528073291636,-1.72793431587613,-32.438544668609
0,123.488881263427,57.4325161128037,16.858005510315,-9.88379687731794,14.4440541320204,32.2730866601571
2,-73.6611263298245,15.5482275670373,-67.4975013107004,-8.16738200063922,-25.273389781406,1.44188580908641
0,-71.6727202241792,9.70473171971496,-55.9907873990246,3.62912929971296,-19.5751373345424,-3.27885375321742
0,136.922474888067,45.1660648150964,15.4771204973805,3.91859325074604,0.794265495836193,30.5086249230951
0,-92.5558224142794,-10.3483439681069,59.4126335610124,-0.283048581168389,0.78028864883871,-1.27444158739521
0,-81.4945945669301,8.97180047555067,-18.486197176999,-15.5095353484402,-15.5602417857667,1.06250476883015
0,-78.4804479892033,-11.9149028327126,39.4853378983966,14.5026986328749,2.19740097449222,-3.03878908419054
2,-69.5610073732973,15.1190271271754,-61.7243517287529,-3.78252115107622,-24.7732048115184,6.39127227807215
2,141.988276521538,71.3475968783313,17.465554318672,0.00590714175466793,-8.17808588417824,-33.1624196603558
0,-93.1603862106937,-12.7096349408715,57.4108896330625,-1.62591806191528,4.11405702522547,-2.58222198001358
0,104.223614353609,54.752694470163,8.69759583363994,2.48860678128145,17.7726550585965,37.0298924787337
0,-68.7607345354403,14.9054115171023,-65.5907657797312,-7.6242460768,-22.9766330619171,-0.889548058269534
0,-82.9065302956163,-4.82743435851985,32.7999831576369,-10.1842611375465,-11.4348469665617,5.45372102548053
0,-47.8757226151104,12.4646015068208,-35.9397244758759,10.2712383028318,17.4167826924299,1.01738226012658
2,139.709697135624,72.5235363674449,19.2665983744624,-0.201254468695168,-10.9646033562911,-49.1374465541828
2,142.119579312649,69.247191202583,19.098075752799,1.4605280525217,-8.17318126218771,-28.5017709357203
0,117.186322499237,53.7482440795116,15.8547131433651,-1.1689845727818,-1.17286932749829,20.6752992601821
0,-91.4170918452147,-1.35796987367523,17.6676206843249,-15.9050273800314,-18.7181583941056,4.50333886884008
2,137.932966462954,71.5929277731733,19.0155261334626,-0.294763255669038,-11.3312443130203,-48.6311982791833
2,139.808441886412,72.4313970860427,19.1791191152564,-0.305508249871685,-11.067544813335,-49.0641949202624
2,120.621749312916,-87.263090033634,-7.10133015089857,-4.14944690042341,-5.88245966681464,2.2338563768368
0,128.277845198567,60.095189512896,12.8000410162011,-2.2455304931125,10.6999803945696,42.5949804075531
0,-91.8510816518802,-3.59517867906547,26.3832960205602,-6.4501126111473,-11.6100848967986,2.18133472861943
2,136.837068487168,66.5961830962429,16.2606440058752,-2.04115900116653,-10.1153739405634,-41.0271924778271
0,-57.1909668166203,15.9099259194298,-55.5817248484591,-12.3142461220245,53.1227747621215,-5.48663847019144
0,-75.3832374357297,10.4798039195085,-37.3975364946397,-10.2900283501932,18.5686489414386,-5.02161411056206
0,130.749810445554,53.8932212833224,12.9314784096841,1.2623936528197,4.92195119561558,21.490939683854
0,117.996485324363,50.7447405069612,14.3350992693011,-0.506558095992698,-0.692921860009835,10.0028660461263
0,-99.6072484093886,-11.4504720450788,72.3990424699622,-8.39974769412193,-0.332625153293156,-0.545017213494136
0,128.393306692515,57.3263811785906,11.1524956113105,-2.82165591368309,4.35251189564358,23.8863640045581
0,-69.2158597923824,11.6817699485576,-54.7971651968209,-8.78639135759668,29.3914828746773,-7.72427454371633
0,-67.8309300177918,14.7013398314678,-58.355717045084,-5.88780569551424,25.7093525380581,-10.5324367777069
0,-72.5944793289008,12.288606932964,-47.2402071147746,-13.0506883108486,48.7189923585912,-3.01467167596689
0,-92.320071474194,-11.3625578690716,64.6177080215113,-7.89510105332553,2.64517139098174,-0.067304068062177
2,123.388562034869,-92.0755917740843,-10.0480974370115,-9.32659147475881,-0.560665486990593,-6.14665584718898
2,123.504530846066,-89.9554910233448,-10.8752401857454,-10.1767578464759,-0.579934752614385,-10.729511799037
0,-89.5043375077111,-8.7674813682145,42.8652513803693,2.0738854286423,2.9136979640442,-4.78194803943597
0,-89.108844539093,-9.90809508995779,50.1316620723448,1.17368374269072,-1.18185216558771,-1.93623590667743
0,136.834971448138,77.3079397020342,16.1131648350852,0.24594910002956,-5.76655901522209,-19.4068419425842
0,-95.038199198183,-7.59772181220962,58.3058163395405,-6.52819796998747,1.92320193664395,-2.22747349112423
0,-98.156597910322,-10.2578584046446,67.9962075391781,-8.47312304050883,0.369379985778916,0.302103887638701
2,-16.4402677900744,-23.2673459102098,-3.69521710502645,114.26889643261,3.53115253070528,-2.97257338896757
0,132.389252190718,66.0906568658936,18.7077734862684,0.348206061226544,3.19474812467821,10.9938240546245
0,133.167650980766,46.6177471957443,16.2243884478899,4.73785649897304,4.78153799578371,35.0677299266477
0,121.283894571235,51.9653805254265,14.2209629886931,-0.222305252148691,-1.78662205316666,5.62424563006503
0,-55.8391435568586,10.9669168032132,-47.2288560085969,1.2872554012927,3.3195136538877,-7.25236113903578
0,-64.3345266704241,10.9814187208241,-46.580111438072,5.7938285645184,-6.89144148518321,-5.69954566813853
2,122.72351620376,2.7587432102191,4.79547579706961,-3.37440793467711,-1.93295671970816,40.5234946838882
2,126.556455890573,4.4956690723912,5.5013691919103,-4.95377941439266,-1.52124659292799,41.1261694818609
2,135.030108292735,63.8839469172037,19.3355172016434,0.295806826200139,-5.13445737332499,-2.09765264299547
0,-99.8197439352352,-10.8920091380328,71.6838649596606,-8.43807802041193,-0.150240998092432,-0.647315616739157
0,-67.6895395341403,9.08817546481295,-58.0795803369136,-3.09973262802074,23.107636767694,-10.1933363507856
0,-67.0420712326185,12.941024995396,-58.3203210693699,-7.97917062026079,27.6092790256496,-7.95730069634247
0,-95.4820400251339,-8.64551611380193,51.4685945913687,-10.9338925750008,-1.81591049598421,1.0387683583877
2,115.349710111227,-57.9971768535724,-9.55144669984708,-13.0136137146926,2.22246645634588,-26.5057415441711
0,-97.1261495795471,-12.1675176406532,69.0122291052199,-5.04187266824442,-0.145901495645827,-0.272216528916036
0,-99.4511773653521,-11.4929383277044,70.0277754403086,-7.61918822265411,0.566383447268712,-0.432369438448177
0,-98.5364487500589,-10.6576099590297,68.3756978017275,-7.65137795869928,0.0909344492536826,-0.28138414812748
0,-88.6457127673476,5.24870597991705,-10.1096729892949,-17.1792196365866,-28.5969086094047,12.2153579760188
0,-75.3481201372878,13.8314893026971,-65.6895742469037,-7.5060405831067,-19.9704511496374,-1.89935330482843
0,-88.632687201403,-5.15699062514078,27.3886127303015,1.9741181924683,-13.8247983918033,3.28566842197765
0,-70.5148950970276,17.7489217223804,-68.180848679382,-5.92636094556653,-38.43687452708,12.0592246425224
0,-96.7425860803403,-8.98601882592173,64.749424314363,-9.88141215443027,-0.905631058303914,-0.0305940906600533
0,-71.9702233512996,15.5259157666047,-45.6541718063388,-13.928712849155,48.8317994572108,-6.77386647779782
0,-66.2892533422031,10.6980562191338,-55.5282661874446,-4.07815901236002,31.6940613304992,-9.0283053232406
0,138.414995123132,66.1721928613503,18.6864146587551,1.51531720840938,-4.93653328148203,-15.3853157698432
0,-68.1987914343663,14.7291348007407,-59.4906699771683,-5.78579379379355,49.7188583607424,-5.53060716444635
2,-15.9570319277156,-22.6495916876589,-7.96956935834518,124.092028368996,1.67073399514915,-5.50420779885612
0,-94.2465050484656,-9.61501300925092,55.3372674260361,-1.72552912752014,-0.929549754024295,-2.75215617447843
0,-70.4865497936954,8.91705365234888,-46.4083545652319,8.23571032235353,-8.66800253834094,-9.87249732617695
0,-67.9573583868529,13.0676910894488,-64.1549078975337,-11.1637166280342,-24.4447134090242,2.02109057615323
0,131.252334715957,59.3140461647725,12.7762736015743,-2.91035063473349,8.74974591276571,26.9981208765847
0,-68.7234338306287,5.77921818832253,-19.6459994421732,9.31959686769151,0.575867392335533,-5.60506690256477
0,-44.9896825195137,-4.68559835850579,-41.8179753156866,4.10160224747652,40.7962038298089,-9.89335896189565
0,-68.8358499956863,11.6157093327375,-60.9103839325217,-3.50339261554794,-3.47868410587042,-4.1004933100299
2,120.382390288773,-87.5694738581187,-7.07092728863634,0.0268034818855062,-5.40310409960279,20.4570225526418
0,-72.0028656862775,9.7255163715956,-54.9882950309773,4.44958193881426,-17.4830460455356,-5.35611235583781
2,-74.4226039997495,14.8255265513306,-66.0122917382239,-8.62604167711724,-25.4085036374087,0.529873020679145
2,130.641937341032,66.511604315406,16.8518346002935,-2.49673151168446,-8.17053890942808,-24.117688280853
0,-89.1427388727313,-4.76109799830321,22.9430126273326,-7.24400827125009,-2.24388207568126,1.28318712554575
2,123.755922353376,4.49706904407711,5.07385719242367,-4.29191380426187,-1.49193237136521,39.5773535587632
0,133.438351081706,53.4913503933593,15.6447384759813,1.65541417440884,9.93925382421029,46.1718689783471
0,135.834755767982,66.8182220015629,17.4418596578846,1.6761790086165,-4.91169317547862,-5.64630345177697
2,136.422385371624,73.363813066945,17.6317777490895,-3.02202372829329,-9.82324460371606,-36.2453774111052
0,-92.1057544199393,-5.67280382622817,31.8537829885743,-7.57966148160719,-3.96109765512709,5.50775431199192
0,-59.9753659644677,12.081640252572,-18.3691669175772,4.54729104539974,-6.99665963732183,-9.02003608104395
0,-73.5551006848885,15.5508067748083,-67.7840903166774,-6.00351104736705,-41.5512281044935,12.0764850464593
0,-71.7882649834174,15.6689454913961,-58.7155635564533,-8.07830285547446,-11.0236592049687,3.38246069172175
0,-64.4856292743127,16.2430118609845,-63.7186767203188,-6.37743525956823,49.4381526802085,-6.77258645244018
0,-73.2966693377816,13.6710611974331,-64.4245641770446,-6.42540328986507,-12.1999803187268,-4.55774562237896
0,-66.0620625696587,7.65659468372837,-12.0134754992649,-11.5218230595177,33.1722839402513,3.57102931240016
0,-82.9700575177013,1.86972714162687,-7.48002012697953,-7.4402012596025,28.4985761983445,-5.80115191818474
0,-90.5175518240898,-8.36228439228579,42.2095467807438,-1.81588959532029,4.05455141731212,-2.43061706792806
0,-88.675193708331,-10.212452359153,49.885543670144,3.57007128517936,4.7178793447416,-3.57759411012212
2,-20.2131614275299,-25.4216343309681,3.04678125216831,100.338024366227,1.95501840903685,-5.31097624897979
2,127.434019232752,65.6274418358565,16.5387013114179,-0.458709096490214,-7.11778413107148,-29.1025875427345
2,-70.8181460828535,15.7756340260407,-68.1898070579286,-6.26231942181845,-28.907444068621,2.21560253093187
0,-88.1332086697366,-10.315694446538,53.7744192611587,1.76657192906003,1.2180474064218,-2.72592125997255
0,-83.8766966342323,-7.22269658326727,42.7122127928928,-0.708481209631816,-2.14980683898023,-1.43987999901484
0,-58.1224461670973,12.6955384701233,-33.0304213644271,-0.666079375090439,-15.9143755929995,-4.61043382605979
2,121.150355665457,-88.1797301636061,-8.85057284116285,-9.41540862991234,-0.602409432213513,1.95332263466951
0,-96.2855032931165,-9.38305029657931,61.0362138219238,-6.06241136148953,1.0071570235531,-1.08401445770585
0,-98.8301838148476,-11.0128272791817,67.1424191239006,-7.20665648085625,0.922945629786689,-1.61719595917505
2,141.587493120345,74.6236981771542,17.5915529327666,-2.04664686801669,-12.2168358509464,-40.5790928670163
2,140.914969235037,71.7017097188407,17.0406938031312,1.09696943949673,-7.14167441152583,-31.2011841583421
0,-74.5628997886272,1.56727752127643,-1.65570475152314,-0.270428579369721,14.8307638351795,-8.55625413654369
0,-76.1587271529696,1.64381197613364,9.431259618358,-7.78488140156333,-2.5646915268251,5.14833249028737
0,-64.7035590997587,12.638076017471,-51.8297354501931,-2.19890715521503,-33.4694253325756,2.61937272934362
0,120.829429696384,60.1826657442496,14.1036016267821,0.229545210563893,4.40322031890755,23.8768328256354
0,-71.6098907257017,15.3992458285124,-58.4730700893075,-4.98686026079165,-37.1685583025577,9.6034029613986
0,-90.9519431884816,-7.55036689244393,48.6133674420669,-1.8885422748688,-0.118092112146861,-1.04995947789778
0,-94.1155448672629,-9.13926871654976,49.7046828328332,-3.91847720166079,2.92404383335957,-0.622942024723099
0,-90.4813258668663,-9.60699659650007,54.204039871217,-2.25421137290749,-0.486171444061719,-1.42920678758554
0,-47.4052726060033,15.053046998383,-41.6931448260143,-7.10392105604183,33.815664392355,5.24502078549107
0,135.150477853829,63.4383294018941,16.9341265249106,-0.986567025157802,0.879212884207731,18.867734276425
2,139.188848267639,69.4431815931338,15.1691816564333,-1.24525525479818,-9.61251097014989,-35.9230505630097
0,-81.6976670345807,-7.529082229347,38.7127456833387,-0.90331408368224,4.48123456625044,-1.85159300275389
0,-64.0372644179348,12.8067027306766,-53.973991741782,0.61238036526654,-4.85993750820035,-7.09577961680744
2,124.328585446599,-5.46191042285305,4.83082722300355,5.89505117524492,-2.65357635029419,41.3919825780336
2,109.53788045697,-80.2407811224253,-6.06387547267608,-2.12528292962503,-7.8976515568678,13.7516396312632
2,115.992452703232,-85.2857405446811,-8.70053868815466,-4.95575200728736,-4.54399288282793,-1.42218352231966
0,-85.7699002038599,-1.32114604755599,14.1941681986711,-8.55877809313564,-5.98074356740806,2.34735602499614
0,-82.7904694721008,-4.35626516514243,25.485908520514,5.2193740371861,2.35473207403315,-6.17176834874419
0,-98.5558304442655,-10.4308073530825,65.7119275004096,-6.47488762686995,0.350855069837918,-1.31251043840976
0,-89.1301142195393,-10.4025602053411,51.0024847080332,2.125287936602,3.31653692134686,-3.57646985679639
0,83.6979983370861,44.1874304977411,18.9521813390292,-3.71926754324522,18.3471480430316,38.3328867106774
0,-88.906815235861,-5.49546189427966,26.639576994762,-7.87392589189585,-2.14821500276913,1.39319397674871
0,-89.2816029814522,-4.53773563641381,27.0975085415616,-4.49356002167258,-7.57505930020802,1.49833367443384
0,36.4841692659088,10.1523858729814,-26.2247209996481,1.32418176866037,-9.88679619771869,24.932224611154
0,-81.9908021258677,6.40015209776035,-25.4137872605045,-6.54026972743937,-22.1042007717139,5.25190895342117
0,-64.7321138646094,10.2679886358071,-53.9690595204064,-1.86062445128883,5.85531002364149,-3.48347786189507
0,-91.3209570708097,-10.5572758337289,63.0991129868695,-5.34425196648522,-0.503585370453116,-0.260734199110321
2,105.54371617028,-61.333924738698,-7.16474120189489,-5.72226014895392,2.9176293336235,-19.3159388297214
0,-96.0570154537666,-7.91286087610663,52.131541580013,-9.40204331205522,-1.54720319539068,3.31589774333787
0,22.180729621667,34.8101190769349,45.0394462444968,-2.41576205942292,13.5246687787488,28.4622813134445
0,-90.6247166323617,-9.95968301980718,52.5896005575587,2.02207161091228,1.67750006525715,-2.38348444616581
0,-84.8828895207438,7.92737867907928,-27.6178819069656,-15.8412355651121,-30.5886234194552,11.6135817444034
0,-97.866662538235,-12.3448257346691,64.8559471574293,-7.11929872053861,1.52527257332927,-0.274843759719816
0,-93.5388210808592,-6.35832772429559,38.6678325892815,-7.38505910366894,-3.49352567428618,2.46017847326143
2,-63.7945205640562,11.4815773322639,-57.8969178769577,-4.71871786611526,-26.0002090294811,-0.344064867944376
0,-43.6978174054941,23.6272132262473,-47.2270787919774,-5.13501798213075,-6.18896307720317,3.99315636657344
0,-87.7532813760115,-10.0107926934653,54.890424844847,2.52587444714576,0.701933245848851,-1.18133788930794
0,-91.0021870915444,-10.0691839953363,54.5560195006032,1.83627895687274,1.96042950950994,-2.41571585679363
0,-94.2503498437642,-12.1633815424471,55.5264837934815,-0.290118192383419,2.85669434888338,-3.59639850959425
0,-97.6368495270956,-10.717283025212,65.1899679905905,-7.75323099956647,0.197382860688112,-0.955772663159578
0,-95.8808328895023,-10.4054106262982,60.336820758232,-3.68938518624289,2.10733195781668,-2.40979654188031
2,119.468557011232,-19.3139808674134,2.61955412546939,5.53499341844464,0.899161681732071,34.9805606580276
0,-92.7605457679945,-5.3258711775736,41.3537230065637,-7.43361112555438,-7.60324231791666,4.16710791244896
0,-95.9562708683632,-7.9003116122503,52.3161857958112,-9.47143687417931,-1.56082425101987,3.31011201320561
0,130.623419058889,52.1056662739601,13.6893237942067,2.05987641665208,7.74230371239085,30.7089351080677
2,142.428778831336,76.1683134314573,18.1858550665866,-2.17342110647451,-12.623071075227,-41.5014044549609
0,-91.3260066755314,-6.15802173322295,37.1779918503034,-2.72342722930369,-7.14891678909609,2.14447778438162
0,-81.3626297106526,-11.6868853265992,46.9805977674688,10.0300608061475,2.82310913580539,-3.43709429244381
0,-84.2332141278995,-11.4764711675025,46.8378533794695,8.89864935752676,2.89656513397518,-3.60333864582259
0,-95.7919574546308,-7.80310084033688,51.9090924797832,-9.42631817303174,-1.52333037134856,3.27611753104331
0,132.967823653716,60.316186620916,15.162675531768,-2.00949047442501,2.62626247963697,20.9454792905458
0,-87.5858247480585,-3.87664247640861,18.1444170601249,-4.73931573112381,-7.34258994481582,2.08095038522782
0,-89.2834536947091,-9.64860822003349,46.4306504248451,2.25427895254166,4.03674623067091,-3.00646141407341
0,-56.9919457819635,13.4381757876626,-60.476039985435,16.5221216050676,9.4520292257591,4.33661733498635
0,-70.3743357802467,13.2689240551885,-63.2019962261183,-1.53078311091429,-35.8543466649337,5.40121881094906
0,-71.6515890864168,12.3173735770627,-60.5326501064732,-8.15124525895661,8.89148763627781,-3.08735121271293
0,-98.9740014457596,-10.4119125017016,66.9032683491954,-8.15421431788854,0.631658693932768,-0.859851290254713
2,126.510038483521,-88.6797186016361,-7.90834661587136,-3.79612514919783,-2.41604978267153,18.4721505409883
0,121.147311815812,54.323575517683,11.8722168813082,2.41324675297595,13.5661885524126,37.3990660953424
2,125.042366017187,-95.2405281053022,-11.6250717952258,-15.1406733667562,-2.21606833860974,-15.3364121549875
0,131.313148359497,45.9844433499974,8.97737083327481,-0.68584533238416,-0.810569896360713,-3.44647661560567
2,124.151293153326,-91.167751254308,-11.2546878237398,-14.7800214307434,-0.0417335548197937,-16.7731130240985
2,128.765213364466,-99.528563240498,-10.3832691775865,-11.6847092818325,0.991232007212054,2.53293160912348
2,128.696555050689,-98.4344903636167,-10.8519234284216,-13.4595439204361,-2.78720894852106,-10.7723359176392
2,123.352917511317,-85.514733571078,-7.28427911901252,-2.67721970697732,2.04799575924614,25.4678492010574
2,129.832522746391,-96.2245228533523,-10.692549116483,-15.1358013631345,-0.394504471954209,-10.7733749133523
2,110.111701033843,-81.636366178962,-11.7945190237158,-9.79110626168657,3.96655829516537,-15.6603778626818
2,126.945124423847,-94.7894367235393,-9.85704147170804,-15.5371903854443,-0.4603768914799,-10.8288040329457
0,138.155338581534,66.166169790531,16.355525421544,0.764147268075206,-1.91324711277285,-7.60401279467142
2,124.105782814784,-86.0319862661189,-7.17816812527388,-4.72437662529596,1.54751049992212,22.8602120456093
2,127.098883517149,-91.8921151763108,-8.7696527433744,-11.063057471731,1.77945358675555,6.44738818063235
2,75.5802708380159,-79.1487722557869,-14.6061711500176,4.88941972218714,9.2651506548946,16.1326044557395
2,119.965976026986,-87.881610409803,-8.96873099208031,-8.35706595620025,5.254634687121,11.0963778014574
0,123.843683925002,-0.0807229905476957,1.6111835209592,2.92342255483019,-4.48303356103267,-12.5138693696391
0,-94.9175916621525,-10.3597504202244,60.8448385269284,-5.12400490407305,0.715086845297465,-2.22177085161614
0,-85.9826245942651,-8.14086722170749,42.5751987258077,-3.36084242879651,1.15628461508186,1.96427796969276
2,-42.9384477119694,9.49694844252692,-13.5935601365546,-5.77269972228937,19.4780420913294,-0.700044920138317
2,117.901661056048,-88.6836877515104,-10.2130965555255,-14.5415199151535,-1.47268898455171,-13.0782104487792
2,126.35692527689,64.3459825259776,16.4656122349995,-1.84155113330399,-8.13124786452388,-29.1390605880094
0,54.7336614090509,-15.2762133715202,4.45063970471358,43.1791634133894,-4.95639728489915,24.9512377729308
2,115.462716797817,-87.238814981727,-9.93875142480523,-6.92258177021598,0.109223411388237,-3.06805116284119
0,-92.8376760450262,-5.89882998659106,25.7255886188378,-7.09510295294628,-10.9696456210782,3.91570287092172
0,7.22889294846647,-27.6935600010426,-19.415570596502,45.7264269126163,-6.41698741356266,3.24236467638572
2,127.024229551784,-97.2687028268445,-9.45864768504708,-11.2821271190974,0.745637858698439,3.09843329919906
2,111.658321424386,-84.6892651394364,-8.53992233786213,-6.27156850385797,-0.438168952498525,-2.34743479331986
0,-61.2573301379872,14.8539228847032,-56.451601009303,-6.82840216016368,-34.0716056372349,10.161715827261
2,142.206743148768,76.0272489342689,18.2721276384722,-2.5506366304065,-12.5238910847919,-41.9242516853763
2,127.230534399158,63.2180535433919,17.6450493846422,-3.35408801954527,-6.97170990059509,-19.2353117448434
0,-66.4666985682412,10.4151668927012,-47.3104608302772,9.08181814588178,-11.9447198282593,-8.36401651883858
2,124.623350236002,-91.5025845868623,-10.0520313258376,-9.91612216589921,1.54566488521922,-5.22751739318155
0,-89.7681519600536,-10.879474914884,56.1678750520977,-0.475822090827353,2.94566930093396,-2.40564119943919
2,120.729971828062,59.132365378486,15.3303279139695,-2.56286834227004,-9.15825550769141,-37.2432687784598
2,103.715338841353,-56.9961171310454,-4.12465373261121,-7.78756435477672,0.00412594021254971,-17.2727472746407
0,-71.5872110564825,3.15250759244827,-26.8349027588394,9.33642818131592,-1.81295560513693,-9.28178413534807
2,125.534906566656,-94.7662232953433,-9.89862734722238,-15.4275719679431,-1.6730886528937,-10.826529393402
2,112.543714922641,-81.0274071250544,-8.93357129327936,-10.3114742278978,-0.139281804090734,-6.01447669460757
0,-95.3239390579444,-5.25893846354055,38.78193878647,-13.9760704039561,-14.0046686409598,6.86745754841287
0,-91.1893626333633,-9.41597951100749,61.9525648627244,-6.1899280999134,2.14839735113252,-0.97189162021836
0,-56.3439610669385,8.47411215076906,-12.8478459879609,7.30186112340638,-4.93371938203172,-10.2202157688386
0,-98.9552233381542,-10.6192163220338,68.9009973225735,-7.58564732886878,1.32637947220934,-1.09783450514239
0,-66.883155367388,10.055708883409,-18.1365334863351,3.4212428484783,-6.55696380081022,-9.98500920276264
0,-93.5549994778109,-10.0740872704506,58.2396972848964,-0.302977144513042,-0.761863837446541,-3.17577994787217
2,125.097396041254,-92.5250138311021,-9.67636096822612,-7.28313728290476,-1.76508046054478,10.1604753999142
2,125.812720788441,-95.1612348564614,-9.22601060553803,-6.99825266078039,-1.08408537566964,4.71923055622266
2,123.372375834132,-91.3228296169245,-6.75393224950975,-6.6733216118982,-5.88665155972911,1.40392261643604
2,126.030833226686,-92.6414168115919,-10.6215348863323,-13.7317460792542,-1.60532642314558,-0.453157454911181
0,-86.722870344632,-4.19217897571886,16.7095971635593,-2.97443336749388,-8.80046637921508,1.6648260463292
0,-71.6626798929941,15.324177676927,-68.0187554210578,-5.18750624890274,-39.3974900751521,11.683128602983
2,80.3423894883616,-70.027375104044,-7.57390022695754,4.68275754097733,-4.60409076620227,16.5991232987913
0,-64.511762354212,15.6636412691587,-59.7039622839108,-4.28096630212792,-32.4829542573125,10.0075775517963
0,-96.166330711099,-10.6926523946876,68.3574431674782,-5.42902524353784,-2.06094214490106,-0.213492736548004
0,-67.0550681837829,9.88458502680961,-49.1712027957501,6.500839481636,-4.86285686238312,-7.5137507550485
2,-69.7377612034703,16.0489156527415,-67.2868074711856,-6.98983694073526,-14.3006433380818,-2.91288908702933
0,139.183208668808,66.8099377976525,21.4898841197684,-0.40812911898282,-6.47631382278895,-24.7644268507339
0,-84.073384010406,9.36619239128718,-30.8353066903111,-11.703294366949,-34.6815216396089,11.7154891132594
0,-71.4845648505566,1.81131789607676,23.7539367856253,-11.2543673618349,-12.028377095788,4.81552847691143
0,-68.6119952864697,13.0099715014318,-33.213066898101,-6.47433112230017,13.2538603583116,-1.40282987672842
0,-69.7583717795292,12.7655620380574,-58.2815933011537,-9.04472693832134,28.8383862857513,-7.90217061499222
0,-78.2397897608543,12.6096233935592,-52.0328109030263,-6.57240426613597,-37.7540640743784,12.6328217330514
0,-82.4433681019497,5.81337955072693,-26.8107432196157,-8.47140484859266,-31.3690752774617,14.1608878448681
0,-70.7969699683128,12.260312544306,-62.9179526318746,-2.19650972501983,-38.1560159369595,7.28756113772987
0,-59.91295214363,14.6003327407812,-54.2752862522356,-3.76733198331848,62.6546171472736,-0.696678646814022
0,138.015328889642,69.4851855471633,17.7866026175522,-1.66873231691688,3.44016699315257,20.289380290563
0,-49.5947101487816,15.8472822186092,-50.3751775624999,-8.50637208921892,63.2420724654877,-0.549646289274581
0,135.888340949919,67.4014592988796,16.6173708361373,-1.00667037717599,3.85769867710718,21.6731289317512
0,119.063903090344,59.9381905525438,11.4427104278868,-0.223518642283993,14.1694098886517,34.8441970930581
0,-47.4163591344746,18.7118789105995,-48.8005570317715,-9.20147129594772,50.4638996248251,-4.66890184277024
0,-56.8833981160128,16.7404798306222,-62.4348524471012,-8.46811171793186,56.7571311044005,-0.0225460826798639
0,-73.1939583700537,9.83655342600604,-10.9489244698582,-18.6542184266167,-1.37491886107775,15.6720448926766
0,-50.734059612881,17.7964101133512,-50.6759363828039,-8.72315925246222,55.0336145190133,-6.594880317314
0,-0.792812874394544,-24.6275826976659,-10.0099962931305,110.518174365548,-2.44861125723077,0.833619203214437
2,126.722244528762,-85.4455553656816,-7.38095782736198,-11.5053739346037,-2.21576288281242,-3.46109528158927
0,121.540363690448,50.5122550861379,13.3509611457888,-0.814577825326844,-2.77873267263431,3.72753733690504
0,-92.6077608348693,-7.24994167240673,40.9887548270396,-8.40621984398304,-8.17621308548439,2.96530391148842
0,-69.6257528448617,14.8551123358981,-60.257453139236,-7.45086395210261,31.14300742585,-11.3572027894907
0,-97.0860782910464,-10.6075692100438,60.8142024595636,-4.85795007478774,-0.057423141493125,-1.65952984619868
0,-85.5218423941994,-7.10143115086457,30.5884182768256,8.02214472761776,3.47005064731984,-5.15641130020698
0,-54.0167753494405,8.48930913118176,-56.0104263494461,-5.19534230167548,68.0286366046943,-0.79746738024756
2,130.464839632249,71.5166616203684,16.3403833707778,0.516872127883029,-4.76479314004188,-26.2571093238219
0,-74.7505746271963,15.7438340317046,-68.9614983874295,-6.10782868696528,-42.3201586988592,12.133646709792
0,-88.5862538095177,-11.3777247809498,49.8279520440371,5.53681193041296,5.52708276129622,-3.81685585759888
0,-95.0515899313532,-11.9140198294991,59.2094604891358,-2.33798723247012,1.40311601178422,-0.985143483320234
0,-96.1772652347683,-12.5819545409589,64.3400706432928,-2.87241064593838,2.27727127601254,-0.673205597545465
0,-88.8483416440662,-7.85626245198565,37.395511705831,2.40067196064827,-0.338243576128944,-2.62198669396827
0,-93.7608307337542,-5.66997330781557,29.0093801903445,-6.05812249038024,-7.9691427115598,3.60868594683415
0,138.607188396789,61.1304955411971,15.4527688392571,-2.61306934859105,1.51952551733505,15.8799255821898
0,-95.6180002044269,-11.0607422537579,56.3970575404964,-1.17177163797681,2.17500440396542,-2.6916244336765
0,71.053781865827,40.5057174502406,-7.52506727125909,-6.43957697999379,10.3323645667646,35.8579444326446
0,-89.8158166118355,-8.23290575668141,43.8146229951756,-2.85246553145058,-7.23780543658325,3.2072622119327
0,138.515070373667,63.7272262095903,18.2048487578179,-3.37170328588027,9.9405142552967,43.8647267169919
0,131.040877014145,68.2508510323182,18.7724802878019,-3.10132303315564,11.8388849298654,21.4884243026373
0,-58.1047103852634,15.4676501637389,-53.9704101930125,-7.64894367863939,67.2452116179068,-1.1262435570989
0,-51.8242191321947,16.950699241635,-53.8448194790891,-9.9427916561355,63.6179358020573,-0.946885040594904
0,139.28754635569,58.6676001952926,18.1247564692496,-1.19539960754462,3.21761794897646,30.2827878308704
0,-70.2093596547742,7.02236896309588,-12.7932551901561,-6.61023497742964,44.6451717944317,0.763097524062615
0,-22.2758094361088,24.5996125825551,-42.6012512806975,-11.670609411666,42.5632318366875,-5.92222145487036
0,-51.8713166564425,11.1794478329023,-50.9685639448071,-7.03567084268637,63.5127177583135,-4.46467258223937
2,115.165566240071,43.9548587499809,18.0831086966333,3.55293089417945,7.43339748286966,29.7530617504503
0,129.431592163558,67.2641620925645,20.6664590484069,-3.63223421227843,6.07442400250932,15.0776649029759
0,-35.8053022970548,13.1622189331772,0.594576778872602,2.10992932584219,1.18185161289537,-1.22996221873809
0,-73.0522288334891,11.2726394264494,-64.5971644264951,-6.95057187888721,-22.8104007026642,2.00017131539417
2,118.917157534315,-80.1194898455467,-10.5808658270377,-10.9290658383113,0.697951178323834,-23.2043737655305
0,-56.3949152601954,18.2975311870577,-50.7289736148589,-4.36569155153449,37.8585884259743,-3.41695339949674
0,-77.2422960013523,5.31223080437149,-17.2960747364538,-6.00028086031858,19.9236559111494,-1.97951986106421
0,-79.4567840688948,13.654357104301,-47.1152160750558,-12.0213807900088,-37.1767536690005,13.6997676909201
2,132.432053167537,-96.066787576796,-9.59160199885299,-13.3133423786295,-3.10810181471003,-9.75598901887209
2,140.907126615659,70.6364364518634,17.3554592933635,-0.0129402488728036,-8.26460252779945,-33.594692098517
2,125.864450303143,-86.072227400412,-8.39286995896609,-6.41590513665549,0.406072978616307,9.52780229897728
2,127.723318279754,-98.662026636401,-11.5561534336562,-14.9289311759069,-1.79310991632233,-15.8390016018199
0,18.6316366704028,-29.2164964865798,-10.780343765567,104.823526444839,-6.33392379371003,-2.45603615718916
0,139.269490358086,74.989840540038,19.7194507333418,-2.40406734597385,-12.0281102517272,-37.7275946500008
2,119.754350277935,-22.4199019796363,2.02170232440007,6.93653985602885,1.19089255410314,33.5296606026459
0,-68.6346073058448,15.3076795823022,-55.4357219030553,-9.63159520993198,57.9558674537093,-6.72413830789408
0,-77.1120976294019,7.85592212130438,-19.1890400837722,-6.70549016654269,-27.7031167912651,6.05226756133731
2,118.049849072324,-90.4353936389769,-9.27678110647479,-8.19332351654682,-1.71281754205754,-8.29535666655532
0,-65.0948848874438,12.5792352678868,-53.3831279231926,-2.28085282208392,-33.9179826069641,2.7642649490889
0,-56.0953797620788,13.6810207346042,-49.1745398424289,-3.86555561184814,68.2298431939213,0.0110105934147463
0,-71.006269643268,1.08931993849484,-6.13133837267598,-3.74900868700329,7.53049517621821,-0.441493652150161
2,0.379052828402673,-26.5691600486106,-9.51348766562628,125.249154916948,1.32520721390469,-2.25211883318472
0,-97.8910209338062,-11.9306989455418,70.6004291478116,-8.23113180012352,0.652652395307554,0.234023036003162
0,-43.8950299847077,1.60864335099537,45.8868618003221,-2.74001931283351,3.30307728111624,4.27609975102428
0,-71.0387061245008,5.90420998867256,14.8757028394624,-10.8653675791265,22.5530925070384,1.50490169095068
0,-95.6408675951134,-9.74550885741436,49.0156593189673,-8.65007327753275,-6.8663352864116,2.41079721038069
0,-94.765850492236,-11.7257309192538,63.2770782249628,-1.99609943965353,1.40178181322927,-2.37710463267691
2,132.77706832363,61.8321378096438,16.1494938395565,1.32717231852599,-5.85097298487246,-7.23898100198543
0,-89.0354587352594,-11.1780979789596,58.3490697582317,0.684681929500734,1.34810621223675,-1.73875195331245
2,139.830706528815,68.8738980817143,19.062218165184,0.614845925149753,-9.58970589921412,-31.507994849027
0,-88.6110962731324,-5.70570520111358,31.5030495346818,0.391664900321894,3.90974607423163,-4.81031724523226
0,-98.0275127076476,-11.3100368856098,70.4110776076463,-7.47784645663523,0.042855240855025,-0.692591491710259
