Genome,chr,Position,BINs
A,1,0,1
A,1,0,1
A,1,1.36,2
A,1,1.36,2
A,1,3.9,3
A,1,3.9,3
A,1,3.9,3
A,1,5.63,0
A,1,5.91,4
A,1,5.91,4
A,1,6.2,5
A,1,6.2,5
A,1,21.59,6
A,1,21.59,6
A,1,22.13,7
A,1,22.13,7
A,1,22.13,7
A,1,22.13,7
A,1,22.13,7
A,1,22.13,7
A,1,22.13,7
A,1,22.13,7
A,1,22.13,7
A,1,22.13,7
A,1,22.13,7
A,1,22.13,7
A,1,22.4,8
A,1,22.4,8
A,1,22.4,8
A,1,22.4,8
A,1,22.4,8
A,1,22.4,8
A,1,22.4,8
A,1,22.4,8
A,1,22.4,8
A,1,22.4,8
A,1,22.4,8
A,1,22.66,0
A,1,22.92,9
A,1,22.92,9
A,1,22.92,9
A,1,22.92,9
A,1,22.92,9
A,1,23.2,0
A,1,24.08,0
A,1,38.83,10
A,1,38.83,10
A,1,41.53,11
A,1,41.53,11
A,1,42.33,12
A,1,42.33,12
A,1,48.69,13
A,1,48.69,13
A,1,48.69,13
A,1,49.51,0
A,1,50.58,0
A,1,51.38,14
A,1,51.38,14
A,1,51.38,14
A,1,65.34,15
A,1,65.34,15
A,1,66.5,0
A,1,67.94,16
A,1,67.94,16
A,1,67.94,16
A,1,67.94,16
A,1,67.94,16
A,1,67.94,16
A,1,67.94,16
A,1,67.94,16
A,1,67.94,16
A,1,67.94,16
A,1,67.94,16
A,1,67.94,16
A,1,67.94,16
A,1,67.94,16
A,1,68.75,0
A,1,69.01,17
A,1,69.01,17
A,1,69.01,17
A,1,69.28,0
A,1,69.54,0
A,1,69.84,0
A,1,70.77,18
A,1,70.77,18
A,1,71.08,0
A,1,71.39,19
A,1,71.39,19
A,1,71.39,19
A,1,71.39,19
A,1,71.39,19
A,1,71.39,19
A,1,71.39,19
A,1,72.55,20
A,1,72.55,20
A,1,73.41,21
A,1,73.41,21
A,1,73.41,21
A,1,73.68,0
A,1,74.22,22
A,1,74.22,22
A,1,80.16,23
A,1,80.16,23
A,1,80.16,23
A,1,80.16,23
A,1,80.16,23
A,1,80.16,23
A,1,80.16,23
A,1,80.16,23
A,1,80.7,0
A,1,92.12,0
A,1,92.42,0
A,1,92.71,0
A,1,95.3,24
A,1,95.3,24
A,1,95.3,24
A,1,95.3,24
A,1,97.41,25
A,1,97.41,25
A,1,97.41,25
A,1,97.41,25
A,1,97.41,25
A,1,97.41,25
A,1,97.67,26
A,1,97.67,26
A,1,97.94,0
A,1,98.21,0
A,1,98.75,27
A,1,98.75,27
A,1,98.75,27
A,1,99.03,0
A,1,99.57,0
A,1,99.83,28
A,1,99.83,28
A,1,99.83,28
A,1,99.83,28
A,1,99.83,28
A,1,99.83,28
A,1,99.83,28
A,1,99.83,28
A,1,99.83,28
A,1,99.83,28
A,1,99.83,28
A,1,99.83,28
A,1,99.83,28
A,1,100.09,29
A,1,100.09,29
A,1,100.09,29
A,1,100.09,29
A,1,100.09,29
A,1,100.09,29
A,1,100.09,29
A,1,100.09,29
A,1,100.09,29
A,1,100.09,29
A,1,100.09,29
A,1,100.09,29
A,1,100.09,29
A,1,100.65,0
A,1,100.92,0
A,1,102.32,30
A,1,102.32,30
A,1,102.32,30
A,1,102.9,31
A,1,102.9,31
A,1,102.9,31
A,1,102.9,31
A,1,103.47,32
A,1,103.47,32
A,1,103.47,32
A,1,104.61,33
A,1,104.61,33
A,1,104.61,33
A,1,104.61,33
A,1,104.61,33
A,1,104.61,33
A,1,104.61,33
A,1,104.61,33
A,1,104.61,33
A,1,104.61,33
A,1,104.61,33
A,1,104.61,33
A,1,104.87,34
A,1,104.87,34
A,1,104.87,34
A,1,105.4,0
A,1,105.94,35
A,1,105.94,35
A,1,105.94,35
A,1,106.48,36
A,1,106.48,36
A,1,106.48,36
A,1,106.48,36
A,1,106.48,36
A,1,106.48,36
A,1,106.48,36
A,1,106.48,36
A,1,106.48,36
A,1,106.75,37
A,1,106.75,37
A,1,106.75,37
A,1,111.28,38
A,1,111.28,38
A,1,112.09,39
A,1,112.09,39
A,1,112.09,39
A,1,113.18,40
A,1,113.18,40
A,1,113.18,40
A,2,0,1
A,2,0,1
A,2,0,1
A,2,4.86,0
A,2,6.92,0
A,2,7.77,0
A,2,8.05,2
A,2,8.05,2
A,2,8.91,3
A,2,8.91,3
A,2,10.73,0
A,2,11.75,4
A,2,11.75,4
A,2,11.75,4
A,2,12.02,0
A,2,12.57,5
A,2,12.57,5
A,2,13.4,6
A,2,13.4,6
A,2,13.67,7
A,2,13.67,7
A,2,13.67,7
A,2,13.67,7
A,2,13.67,7
A,2,13.93,0
A,2,14.2,8
A,2,14.2,8
A,2,14.2,8
A,2,14.2,8
A,2,14.47,0
A,2,15.08,9
A,2,15.08,9
A,2,16.75,10
A,2,16.75,10
A,2,16.75,10
A,2,16.75,10
A,2,16.75,10
A,2,19.33,11
A,2,19.33,11
A,2,25.09,12
A,2,25.09,12
A,2,25.38,13
A,2,25.38,13
A,2,25.65,14
A,2,25.65,14
A,2,25.65,14
A,2,25.65,14
A,2,25.65,14
A,2,25.65,14
A,2,25.65,14
A,2,25.65,14
A,2,25.65,14
A,2,25.65,14
A,2,25.65,14
A,2,25.65,14
A,2,25.65,14
A,2,25.65,14
A,2,25.65,14
A,2,25.65,14
A,2,25.65,14
A,2,25.65,14
A,2,25.65,14
A,2,25.65,14
A,2,25.65,14
A,2,25.65,14
A,2,25.65,14
A,2,25.65,14
A,2,25.65,14
A,2,25.65,14
A,2,25.65,14
A,2,25.65,14
A,2,25.65,14
A,2,25.65,14
A,2,25.65,14
A,2,25.92,15
A,2,25.92,15
A,2,25.92,15
A,2,26.2,0
A,2,26.48,16
A,2,26.48,16
A,2,26.48,16
A,2,26.48,16
A,2,26.48,16
A,2,26.48,16
A,2,26.48,16
A,2,26.48,16
A,2,26.48,16
A,2,26.48,16
A,2,26.74,17
A,2,26.74,17
A,2,26.74,17
A,2,26.74,17
A,2,26.74,17
A,2,26.74,17
A,2,27.67,0
A,2,27.95,0
A,2,28.82,18
A,2,28.82,18
A,2,31.45,0
A,2,31.73,0
A,2,31.99,19
A,2,31.99,19
A,2,31.99,19
A,2,31.99,19
A,2,32.26,20
A,2,32.26,20
A,2,32.26,20
A,2,32.52,0
A,2,33.61,0
A,2,34.16,21
A,2,34.16,21
A,2,34.71,0
A,2,34.98,0
A,2,35.79,22
A,2,35.79,22
A,2,35.79,22
A,2,35.79,22
A,2,36.61,0
A,2,36.88,0
A,2,37.41,0
A,2,37.68,23
A,2,37.68,23
A,2,37.68,23
A,2,37.68,23
A,2,37.68,23
A,2,37.68,23
A,2,37.68,23
A,2,37.68,23
A,2,37.68,23
A,2,37.68,23
A,2,37.68,23
A,2,37.68,23
A,2,39.67,0
A,2,39.95,0
A,2,40.22,0
A,2,40.49,24
A,2,40.49,24
A,2,40.49,24
A,2,40.49,24
A,2,40.49,24
A,2,40.49,24
A,2,40.49,24
A,2,40.76,25
A,2,40.76,25
A,2,41.03,26
A,2,41.03,26
A,2,41.03,26
A,2,41.03,26
A,2,41.03,26
A,2,42.69,27
A,2,42.69,27
A,2,44.68,28
A,2,46.38,28
A,2,46.38,28
A,2,46.38,28
A,2,46.38,28
A,2,94.12,29
A,2,94.12,29
A,2,94.39,30
A,2,94.39,30
A,2,94.39,30
A,2,94.39,30
A,2,94.39,30
A,2,94.39,30
A,2,94.39,30
A,2,94.66,0
A,2,96.41,0
A,2,96.98,31
A,2,96.98,31
A,2,96.98,31
A,2,97.86,0
A,2,98.43,0
A,2,99.09,32
A,2,99.09,32
A,2,99.42,33
A,2,99.42,33
A,2,99.42,33
A,2,99.42,33
A,2,99.42,33
A,2,99.42,33
A,2,99.42,33
A,2,99.42,33
A,2,99.42,33
A,2,99.42,33
A,2,99.42,33
A,2,99.42,33
A,2,99.42,33
A,2,99.42,33
A,2,100.27,0
A,2,100.83,0
A,2,102.08,0
A,2,115.99,34
A,2,115.99,34
A,2,115.99,34
A,2,115.99,34
A,2,116.81,0
A,2,117.08,0
A,2,117.35,35
A,2,117.35,35
A,2,117.62,36
A,2,117.62,36
A,2,117.62,36
A,2,117.62,36
A,2,118.15,37
A,2,118.15,37
A,2,118.42,0
A,2,118.96,0
A,2,119.78,0
A,2,120.06,0
A,2,134.05,38
A,2,134.05,38
A,2,134.32,39
A,2,134.32,39
A,2,137.68,40
A,2,137.68,40
A,2,137.68,40
A,2,137.68,40
A,2,137.68,40
A,2,137.68,40
A,2,137.68,40
A,2,137.68,40
A,2,137.68,40
A,2,137.68,40
A,2,137.68,40
A,2,138.81,0
A,2,141.32,0
A,2,141.59,0
A,2,141.85,0
A,2,142.12,41
A,2,142.12,41
A,2,142.12,41
A,3,0,0
A,3,1.39,1
A,3,1.39,1
A,3,1.39,1
A,3,1.39,1
A,3,1.39,1
A,3,2.77,0
A,3,18.91,0
A,3,19.73,0
A,3,19.99,2
A,3,19.99,2
A,3,19.99,2
A,3,19.99,2
A,3,19.99,2
A,3,20.26,3
A,3,20.26,3
A,3,20.26,3
A,3,20.52,0
A,3,21.32,4
A,3,21.32,4
A,3,22.13,5
A,3,22.13,5
A,3,22.67,6
A,3,22.67,6
A,3,22.67,6
A,3,38.63,7
A,3,38.63,7
A,3,38.63,7
A,3,50.1,0
A,3,51.54,8
A,3,51.54,8
A,3,52.37,0
A,3,53.19,9
A,3,53.19,9
A,3,53.76,0
A,3,54.32,10
A,3,54.32,10
A,3,54.32,10
A,3,56.71,11
A,3,56.71,11
A,3,56.71,11
A,3,56.71,11
A,3,58.79,12
A,3,58.79,12
A,3,58.79,12
A,3,58.79,12
A,3,59.06,13
A,3,59.06,13
A,3,59.06,13
A,3,59.06,13
A,3,59.33,0
A,3,61.02,0
A,3,62.98,14
A,3,62.98,14
A,3,62.98,14
A,3,62.98,14
A,3,63.79,0
A,3,64.61,15
A,3,64.61,15
A,3,64.61,15
A,3,64.87,0
A,3,65.66,0
A,3,66.18,0
A,3,66.71,16
A,3,66.71,16
A,3,66.71,16
A,3,66.71,16
A,3,66.71,16
A,3,66.97,0
A,3,67.24,17
A,3,67.24,17
A,3,67.51,18
A,3,67.51,18
A,3,67.51,18
A,3,67.51,18
A,3,67.51,18
A,3,67.51,18
A,3,67.51,18
A,3,67.51,18
A,3,67.51,18
A,3,68.9,0
A,3,69.45,19
A,3,69.45,19
A,3,69.45,19
A,3,74.37,20
A,3,74.37,20
A,3,74.37,20
A,3,74.64,0
A,3,77.27,0
A,3,78.12,0
A,3,78.4,21
A,3,78.4,21
A,3,78.67,22
A,3,78.67,22
A,3,79.21,0
A,3,79.48,23
A,3,79.48,23
A,3,79.48,23
A,3,80.01,0
A,3,80.27,24
A,3,80.27,24
A,3,80.27,24
A,3,81.07,0
A,3,81.87,0
A,3,82.13,25
A,3,82.13,25
A,3,82.13,25
A,3,82.13,25
A,3,82.13,25
A,3,82.13,25
A,3,82.13,25
A,3,82.95,0
A,3,84.05,26
A,3,84.05,26
A,3,84.32,27
A,3,84.32,27
A,3,89.05,28
A,3,89.05,28
A,3,90.45,29
A,3,90.45,29
A,3,90.45,29
A,3,90.45,29
A,3,90.45,29
A,3,117.91,30
A,3,117.91,30
A,3,117.91,30
A,3,118.47,0
A,3,118.74,0
A,3,119,31
A,3,119,31
A,3,119,31
A,3,119,31
A,3,119,31
A,3,119,31
A,3,122.15,32
A,3,122.15,32
A,3,122.43,33
A,3,122.43,33
A,3,122.43,33
A,3,122.7,0
A,3,125.79,0
A,3,126.06,0
A,3,126.34,34
A,3,126.34,34
A,3,126.34,34
A,3,126.34,34
A,3,126.62,0
A,3,138.31,0
A,3,139.43,0
A,3,139.7,0
A,3,139.97,0
A,3,140.52,0
A,3,141.1,0
A,3,142.37,0
A,3,142.65,0
A,3,142.96,35
A,3,142.96,35
A,3,142.96,35
A,3,142.96,35
A,3,145.31,0
A,3,152.5,0
A,3,156.41,36
A,3,156.41,36
A,3,157.78,37
A,3,157.78,37
A,3,157.78,37
A,3,157.78,37
A,3,157.78,37
A,3,157.78,37
A,3,158.59,38
A,3,158.59,38
A,3,160.84,0
A,3,161.94,39
A,3,161.94,39
A,3,161.94,39
A,3,161.94,39
A,3,164.85,0
A,3,166.05,40
A,3,166.05,40
A,3,166.05,40
A,3,166.05,40
A,3,166.34,0
A,4,0,1
A,4,0,1
A,4,0.88,2
A,4,0.88,2
A,4,0.88,2
A,4,0.88,2
A,4,0.88,2
A,4,0.88,2
A,4,0.88,2
A,4,0.88,2
A,4,0.88,2
A,4,0.88,2
A,4,0.88,2
A,4,0.88,2
A,4,0.88,2
A,4,0.88,2
A,4,0.88,2
A,4,0.88,2
A,4,0.88,2
A,4,0.88,2
A,4,1.68,0
A,4,1.68,0
A,4,3.07,3
A,4,3.07,3
A,4,3.89,4
A,4,3.89,4
A,4,3.89,4
A,4,3.89,4
A,4,5.56,5
A,4,5.56,5
A,4,5.56,5
A,4,5.56,5
A,4,5.83,6
A,4,5.83,6
A,4,6.09,7
A,4,6.09,7
A,4,6.36,7
A,4,6.36,7
A,4,6.36,7
A,4,6.36,7
A,4,6.36,7
A,4,6.36,7
A,4,6.36,7
A,4,6.63,0
A,4,7.18,0
A,4,7.45,0
A,4,9.14,8
A,4,9.14,8
A,4,9.69,9
A,4,9.69,9
A,4,9.69,9
A,4,9.69,9
A,4,9.69,9
A,4,9.69,9
A,4,9.69,9
A,4,9.69,9
A,4,9.69,9
A,4,9.69,9
A,4,9.69,9
A,4,9.69,9
A,4,9.69,9
A,4,9.69,9
A,4,9.69,9
A,4,9.69,9
A,4,9.69,9
A,4,9.69,9
A,4,9.69,9
A,4,9.69,9
A,4,9.69,9
A,4,9.69,9
A,4,9.69,9
A,4,9.69,9
A,4,9.69,9
A,4,9.69,9
A,4,9.69,9
A,4,9.69,9
A,4,9.69,9
A,4,9.69,9
A,4,9.69,9
A,4,9.69,9
A,4,9.69,9
A,4,9.69,9
A,4,10.22,10
A,4,10.22,10
A,4,10.22,10
A,4,10.22,10
A,4,10.75,11
A,4,10.75,11
A,4,10.75,11
A,4,10.75,11
A,4,10.75,11
A,4,10.75,11
A,4,10.75,11
A,4,10.75,11
A,4,11.01,12
A,4,11.01,12
A,4,11.01,12
A,4,11.01,12
A,4,11.01,12
A,4,11.54,13
A,4,11.54,13
A,4,11.54,13
A,4,11.54,13
A,4,11.54,13
A,4,11.54,13
A,4,11.81,14
A,4,11.81,14
A,4,11.81,14
A,4,11.81,14
A,4,11.81,14
A,4,11.81,14
A,4,11.81,14
A,4,11.81,14
A,4,11.81,14
A,4,11.81,14
A,4,11.81,14
A,4,11.81,14
A,4,11.81,14
A,4,11.81,14
A,4,11.81,14
A,4,11.81,14
A,4,11.81,14
A,4,11.81,14
A,4,11.81,14
A,4,12.34,15
A,4,12.34,15
A,4,12.62,0
A,4,13.71,16
A,4,13.71,16
A,4,14.53,17
A,4,14.53,17
A,4,14.8,18
A,4,14.8,18
A,4,14.8,18
A,4,14.8,18
A,4,14.8,18
A,4,15.34,19
A,4,15.34,19
A,4,15.34,19
A,4,15.34,19
A,4,15.34,19
A,4,15.34,19
A,4,15.34,19
A,4,15.34,19
A,4,15.34,19
A,4,15.34,19
A,4,16.16,18
A,4,16.16,18
A,4,16.16,18
A,4,17.59,19
A,4,17.59,19
A,4,18.76,20
A,4,18.76,20
A,4,18.76,20
A,4,18.76,20
A,4,18.76,20
A,4,18.76,20
A,4,18.76,20
A,4,18.76,20
A,4,18.76,20
A,4,18.76,20
A,4,19.56,21
A,4,19.56,21
A,4,19.56,21
A,4,20.63,22
A,4,20.63,22
A,4,23.76,23
A,4,26.26,23
A,4,26.26,23
A,4,26.26,23
A,4,26.55,0
A,4,27.1,24
A,4,27.1,24
A,4,27.64,0
A,4,27.91,0
A,4,28.45,0
A,4,30.98,0
A,4,33.2,0
A,4,35.79,0
A,4,36.62,25
A,4,36.62,25
A,4,36.62,25
A,4,36.62,25
A,4,36.62,25
A,4,36.62,25
A,4,36.62,25
A,4,36.62,25
A,4,37.95,26
A,4,37.95,26
A,4,37.95,26
A,4,37.95,26
A,4,39.02,27
A,4,39.02,27
A,4,39.56,0
A,4,48.19,28
A,4,48.19,28
A,4,48.47,29
A,4,48.75,29
A,4,49.03,30
A,4,49.03,30
A,4,49.03,30
A,4,49.32,31
A,4,49.32,31
A,4,49.32,31
A,4,88.42,0
A,4,92.92,0
A,4,96.85,32
A,4,96.85,32
A,4,96.85,32
A,4,96.85,32
A,4,96.85,32
A,4,96.85,32
A,4,96.85,32
A,4,96.85,32
A,4,97.92,0
A,4,98.86,0
A,4,99.19,0
A,4,99.51,0
A,4,109.81,33
A,4,109.81,33
A,4,109.81,33
A,4,109.81,33
A,4,111.48,0
A,4,113.89,34
A,4,113.89,34
A,4,122.48,35
A,4,122.48,35
A,4,123.71,36
A,4,123.71,36
A,4,132.19,37
A,4,132.19,37
A,4,132.19,37
A,4,148.75,0
A,5,0,1
A,5,0,1
A,5,0,1
A,5,0.53,0
A,5,0.53,0
A,5,1.06,2
A,5,1.06,2
A,5,1.06,2
A,5,1.06,2
A,5,1.33,0
A,5,1.86,3
A,5,1.86,3
A,5,4.44,4
A,5,4.44,4
A,5,7.68,0
A,5,10.59,5
A,5,10.59,5
A,5,27.37,6
A,5,27.37,6
A,5,27.37,6
A,5,27.37,6
A,5,27.37,6
A,5,27.37,6
A,5,27.64,0
A,5,28.19,7
A,5,28.19,7
A,5,29.32,8
A,5,29.32,8
A,5,52.23,9
A,5,52.23,9
A,5,53.94,0
A,5,55.73,0
A,5,56.02,10
A,5,56.02,10
A,5,56.02,10
A,5,56.29,0
A,5,98.98,0
A,5,100.5,11
A,5,100.5,11
A,5,100.5,11
A,5,100.5,11
A,5,104.7,12
A,5,104.7,12
A,5,105.01,13
A,5,105.01,13
A,5,106.41,14
A,5,106.41,14
A,5,106.41,14
A,5,106.41,14
A,5,106.41,14
A,6,0,1
A,6,0,1
A,6,0.52,2
A,6,0.52,2
A,6,0.79,0
A,6,1.06,0
A,6,1.33,3
A,6,1.33,3
A,6,1.33,3
A,6,1.33,3
A,6,1.33,3
A,6,1.33,3
A,6,1.33,3
A,6,1.33,3
A,6,1.33,3
A,6,1.33,3
A,6,1.61,4
A,6,1.61,4
A,6,2.16,5
A,6,2.16,5
A,6,5.37,0
A,6,6.44,0
A,6,7.56,0
A,6,7.84,0
A,6,8.12,6
A,6,8.12,6
A,6,8.39,0
A,6,8.92,0
A,6,9.19,7
A,6,9.19,7
A,6,9.19,7
A,6,9.19,7
A,6,10.57,8
A,6,10.57,8
A,6,11.42,9
A,6,11.42,9
A,6,11.95,10
A,6,11.95,10
A,6,11.95,10
A,6,12.23,11
A,6,12.23,11
A,6,14.48,12
A,6,14.48,12
A,6,16.68,13
A,6,16.68,13
A,6,16.68,13
A,6,17.76,14
A,6,17.76,14
A,6,18.29,15
A,6,18.29,15
A,6,18.56,16
A,6,18.56,16
A,6,18.56,16
A,6,18.56,16
A,6,18.56,16
A,6,19.09,17
A,6,19.09,17
A,6,19.09,17
A,6,20.47,18
A,6,20.47,18
A,6,20.47,18
A,6,22.02,0
A,6,24.16,0
A,6,25.53,0
A,6,26.88,0
A,6,27.15,0
A,6,27.41,19
A,6,27.41,19
A,6,27.41,19
A,6,27.68,20
A,6,27.68,20
A,6,27.68,20
A,6,27.68,20
A,6,27.68,20
A,6,27.68,20
A,6,29.08,0
A,6,30.7,21
A,6,30.7,21
A,6,30.7,21
A,6,30.7,21
A,6,30.7,21
A,6,33.04,22
A,6,33.04,22
A,6,33.04,22
A,6,55.77,23
A,6,55.77,23
A,6,56.37,23
A,6,56.37,23
A,6,56.37,23
A,6,58.59,24
A,6,58.59,24
A,6,58.59,24
A,6,58.59,24
A,6,58.59,24
A,6,58.59,24
A,6,58.59,24
A,6,63.26,25
A,6,63.26,25
A,6,64.42,26
A,6,64.42,26
A,6,69.08,27
A,6,69.08,27
A,6,70.07,28
A,6,70.07,28
A,6,71.3,29
A,6,71.3,29
A,6,72.49,0
A,6,72.76,30
A,6,72.76,30
A,6,72.76,30
A,6,72.76,30
A,6,72.76,30
A,6,73.02,31
A,6,73.02,31
A,6,73.29,0
A,6,73.57,0
A,6,73.88,32
A,6,73.88,32
A,6,74.2,33
A,6,74.2,33
A,6,87.17,0
A,6,89.44,34
A,6,89.44,34
A,6,89.44,34
A,6,89.71,35
A,6,89.71,35
A,6,89.71,35
A,6,92.2,36
A,6,92.2,36
A,6,94.42,0
A,6,94.7,37
A,6,94.7,37
A,6,97.66,38
A,6,97.66,38
A,6,97.66,38
A,6,106.58,39
A,6,106.58,39
A,6,106.58,39
A,6,111.95,40
A,6,111.95,40
A,6,112.75,41
A,6,112.75,41
A,6,112.75,41
A,6,112.75,41
A,6,117.03,0
A,6,118.45,42
A,6,118.45,42
A,6,118.45,42
A,6,118.71,43
A,6,118.71,43
A,6,118.71,43
A,6,118.71,43
A,6,118.71,43
A,6,118.71,43
A,6,118.71,43
A,6,120.32,44
A,6,120.32,44
A,6,120.85,45
A,6,120.85,45
A,6,120.85,45
A,6,120.85,45
A,6,121.12,0
A,7,0,1
A,7,0,1
A,7,0.53,2
A,7,0.53,2
A,7,0.53,2
A,7,0.53,2
A,7,0.79,3
A,7,0.79,3
A,7,0.79,3
A,7,0.79,3
A,7,1.64,0
A,7,11.85,0
A,7,12.4,4
A,7,12.4,4
A,7,12.4,4
A,7,12.4,4
A,7,12.4,4
A,7,12.4,4
A,7,12.4,4
A,7,12.4,4
A,7,12.93,5
A,7,12.93,5
A,7,12.93,5
A,7,12.93,5
A,7,13.46,6
A,7,13.46,6
A,7,13.46,6
A,7,13.46,6
A,7,13.46,6
A,7,14.56,0
A,7,14.83,7
A,7,14.83,7
A,7,14.83,7
A,7,14.83,7
A,7,14.83,7
A,7,14.83,7
A,7,14.83,7
A,7,14.83,7
A,7,14.83,7
A,7,14.83,7
A,7,14.83,7
A,7,14.83,7
A,7,14.83,7
A,7,14.83,7
A,7,14.83,7
A,7,14.83,7
A,7,14.83,7
A,7,14.83,7
A,7,14.83,7
A,7,14.83,7
A,7,14.83,7
A,7,14.83,7
A,7,14.83,7
A,7,14.83,7
A,7,14.83,7
A,7,14.83,7
A,7,15.37,8
A,7,15.37,8
A,7,15.37,8
A,7,15.37,8
A,7,15.37,8
A,7,47.67,9
A,7,47.67,9
A,7,48.49,10
A,7,48.49,10
A,7,48.49,10
A,7,48.49,10
A,7,48.49,10
A,7,48.76,0
A,7,49.88,11
A,7,49.88,11
A,7,51.28,0
A,7,51.55,0
A,7,53.76,12
A,7,53.76,12
A,7,53.76,12
A,7,55.75,13
A,7,55.75,13
A,7,56.58,14
A,7,56.58,14
A,7,56.58,14
A,7,58.3,0
A,7,58.58,15
A,7,58.58,15
A,7,58.58,15
A,7,58.85,15
A,7,60.46,16
A,7,60.46,16
A,7,60.46,16
A,7,60.46,16
A,7,60.46,16
A,7,60.99,17
A,7,60.99,17
A,7,61.53,18
A,7,61.53,18
A,7,61.8,19
A,7,61.8,19
A,7,61.8,19
A,7,61.8,19
A,7,61.8,19
A,7,61.8,19
A,7,61.8,19
A,7,61.8,19
A,7,63.81,20
A,7,63.81,20
A,7,63.81,20
A,7,66.18,0
A,7,69.31,21
A,7,69.31,21
A,7,71.81,22
A,7,71.81,22
A,7,72.1,0
A,7,72.67,0
A,7,74.8,23
A,7,74.8,23
A,7,74.8,23
A,7,75.37,24
A,7,75.37,24
A,7,76.48,25
A,7,76.48,25
A,7,76.75,0
A,7,78.74,26
A,7,78.74,26
A,7,78.74,26
A,7,79.32,27
A,7,79.32,27
A,7,79.32,27
A,7,80.15,0
A,7,80.96,0
A,7,81.22,0
A,7,81.74,28
A,7,81.74,28
A,7,82.02,0
A,7,82.28,0
A,7,82.55,29
A,7,82.55,29
A,7,82.55,29
A,7,82.55,29
A,7,82.55,29
A,7,82.55,29
A,7,82.55,29
A,7,82.55,29
A,7,82.55,29
A,7,82.55,29
A,7,82.55,29
A,7,83.35,29
A,7,83.35,29
A,7,83.35,29
A,7,84.72,30
A,7,84.72,30
A,7,87.5,31
A,7,87.5,31
A,7,113.83,32
A,7,113.83,32
A,7,113.83,32
A,7,117.84,33
A,7,117.84,33
A,7,117.84,33
A,7,117.84,33
A,7,117.84,33
A,7,121.21,34
A,7,121.21,34
A,7,121.21,34
A,7,121.77,0
A,7,122.31,35
A,7,122.31,35
A,7,122.31,35
A,7,122.88,36
A,7,129.88,36
A,7,130.72,37
A,7,130.72,37
A,7,130.99,0
A,7,131.25,38
A,7,131.25,38
A,7,131.78,0
A,7,170.67,0
A,7,173.29,39
A,7,173.29,39
A,7,174.09,40
A,7,174.09,40
A,7,175.17,41
A,7,175.17,41
A,7,175.17,41
A,7,175.17,41
A,7,175.17,41
A,7,175.17,41
A,7,175.17,41
A,7,175.17,41
A,7,175.17,41
A,7,175.17,41
A,7,175.17,41
A,7,175.17,41
A,7,175.17,41
A,7,175.17,41
A,7,175.7,42
A,7,175.7,42
A,7,175.7,42
A,7,175.7,42
A,7,176.24,0
A,7,176.51,0
A,7,176.77,43
A,7,176.77,43
A,7,176.77,43
A,7,176.77,43
A,7,176.77,43
A,7,176.77,43
A,7,176.77,43
A,7,176.77,43
A,7,177.04,44
A,7,177.04,44
A,7,177.04,44
A,7,177.04,44
A,7,177.31,45
A,7,177.31,45
A,7,177.31,45
A,7,177.31,45
A,7,177.31,45
A,7,177.31,45
A,7,177.58,0
A,7,180.59,0
A,7,180.88,46
A,7,180.88,46
A,7,180.88,46
A,7,180.88,46
A,7,180.88,46
A,7,180.88,46
A,7,180.88,46
A,7,180.88,46
A,7,180.88,46
A,7,183.44,47
A,7,183.44,47
A,7,183.44,47
A,7,185.4,48
A,7,185.4,48
A,7,185.4,48
A,7,185.4,48
A,7,185.4,48
A,7,185.4,48
A,7,185.4,48
A,7,185.4,48
A,7,185.4,48
A,7,185.4,48
A,7,185.4,48
A,7,185.4,48
A,7,185.4,48
A,7,185.68,49
A,7,185.68,49
A,7,185.68,49
A,7,185.68,49
A,7,185.94,50
A,7,185.94,50
A,7,185.94,50
A,7,185.94,50
A,7,185.94,50
A,7,185.94,50
A,7,185.94,50
A,7,186.22,51
A,7,186.22,51
B,1,0,0
B,1,0.58,1
B,1,0.58,1
B,1,5.9,0
B,1,6.78,2
B,1,6.78,2
B,1,9.82,3
B,1,9.82,3
B,1,10.09,4
B,1,10.09,4
B,1,10.09,4
B,1,10.09,4
B,1,10.09,4
B,1,10.35,5
B,1,10.35,5
B,1,10.35,5
B,1,10.61,0
B,1,10.89,0
B,1,11.44,6
B,1,11.44,6
B,1,11.96,7
B,1,11.96,7
B,1,12.23,8
B,1,12.23,8
B,1,12.5,0
B,1,19.14,9
B,1,19.14,9
B,1,19.14,9
B,1,34.29,10
B,1,34.29,10
B,1,34.56,0
B,1,34.83,0
B,1,39.18,11
B,1,39.18,11
B,1,39.18,11
B,1,39.44,0
B,1,39.7,12
B,1,39.7,12
B,1,39.7,12
B,1,40.26,13
B,1,40.26,13
B,1,40.81,14
B,1,40.81,14
B,1,41.64,15
B,1,41.64,15
B,1,41.64,15
B,1,41.64,15
B,1,41.64,15
B,1,42.18,16
B,1,42.18,16
B,1,42.18,16
B,1,52.32,17
B,1,52.32,17
B,1,52.59,18
B,1,52.59,18
B,1,53.4,0
B,1,53.93,19
B,1,53.93,19
B,1,54.21,0
B,1,54.48,20
B,1,54.48,20
B,1,54.77,0
B,1,55.4,21
B,1,55.4,21
B,1,56.99,0
B,1,57.91,22
B,1,57.91,22
B,1,59.22,0
B,1,59.53,0
B,1,60.46,0
B,1,60.74,0
B,1,61.02,23
B,1,61.02,23
B,1,61.02,23
B,1,61.02,23
B,1,61.02,23
B,1,61.02,23
B,1,61.02,23
B,1,61.02,23
B,1,61.02,23
B,1,61.02,23
B,1,61.02,23
B,1,61.02,23
B,1,61.02,23
B,1,61.02,23
B,1,61.02,23
B,1,61.02,23
B,1,61.02,23
B,1,61.02,23
B,1,61.02,23
B,1,61.02,23
B,1,61.02,23
B,1,61.02,23
B,1,61.02,23
B,1,61.02,23
B,1,61.02,23
B,1,61.02,23
B,1,61.02,23
B,1,61.02,23
B,1,61.02,23
B,1,61.02,23
B,1,61.02,23
B,1,61.02,23
B,1,61.02,23
B,1,61.02,23
B,1,61.02,23
B,1,61.02,23
B,1,61.02,23
B,1,61.02,23
B,1,61.02,23
B,1,61.02,23
B,1,61.02,23
B,1,61.02,23
B,1,61.02,23
B,1,61.02,23
B,1,61.02,23
B,1,61.02,23
B,1,61.02,23
B,1,61.02,23
B,1,61.02,23
B,1,61.54,24
B,1,61.54,24
B,1,62.08,25
B,1,62.08,25
B,1,62.08,25
B,1,62.62,26
B,1,62.62,26
B,1,62.88,27
B,1,62.88,27
B,1,62.88,27
B,1,62.88,27
B,1,62.88,27
B,1,62.88,27
B,1,62.88,27
B,1,62.88,27
B,1,62.88,27
B,1,62.88,27
B,1,62.88,27
B,1,62.88,27
B,1,62.88,27
B,1,62.88,27
B,1,62.88,27
B,1,62.88,27
B,1,62.88,27
B,1,62.88,27
B,1,62.88,27
B,1,62.88,27
B,1,62.88,27
B,1,62.88,27
B,1,62.88,27
B,1,62.88,27
B,1,62.88,27
B,1,62.88,27
B,1,62.88,27
B,1,62.88,27
B,1,62.88,27
B,1,62.88,27
B,1,62.88,27
B,1,62.88,27
B,1,62.88,27
B,1,62.88,27
B,1,62.88,27
B,1,62.88,27
B,1,62.88,27
B,1,62.88,27
B,1,62.88,27
B,1,62.88,27
B,1,62.88,27
B,1,62.88,27
B,1,62.88,27
B,1,62.88,27
B,1,62.88,27
B,1,62.88,27
B,1,62.88,27
B,1,62.88,27
B,1,62.88,27
B,1,62.88,27
B,1,62.88,27
B,1,63.14,28
B,1,63.14,28
B,1,63.14,28
B,1,63.14,28
B,1,63.14,28
B,1,63.14,28
B,1,63.14,28
B,1,63.14,28
B,1,63.14,28
B,1,63.14,28
B,1,63.14,28
B,1,63.4,0
B,1,63.67,29
B,1,63.67,29
B,1,63.67,29
B,1,63.67,29
B,1,63.67,29
B,1,63.67,29
B,1,63.67,29
B,1,63.67,29
B,1,63.67,29
B,1,63.67,29
B,1,63.67,29
B,1,63.67,29
B,1,63.67,29
B,1,63.67,29
B,1,63.67,29
B,1,63.67,29
B,1,63.67,29
B,1,63.67,29
B,1,63.67,29
B,1,63.67,29
B,1,63.67,29
B,1,63.67,29
B,1,63.67,29
B,1,63.93,30
B,1,63.93,30
B,1,63.93,30
B,1,63.93,30
B,1,64.19,0
B,1,64.45,31
B,1,64.45,31
B,1,64.45,31
B,1,64.45,31
B,1,64.45,31
B,1,64.45,31
B,1,64.45,31
B,1,64.45,31
B,1,64.45,31
B,1,64.45,31
B,1,64.45,31
B,1,64.45,31
B,1,64.45,31
B,1,64.45,31
B,1,64.45,31
B,1,64.45,31
B,1,64.72,32
B,1,64.72,32
B,1,66.38,33
B,1,66.38,33
B,1,69.5,34
B,1,69.5,34
B,1,69.5,34
B,1,73.63,0
B,1,74.5,35
B,1,74.5,35
B,1,74.5,35
B,1,74.77,36
B,1,74.77,36
B,1,74.77,36
B,1,74.77,36
B,1,75.04,0
B,1,75.31,0
B,1,75.57,37
B,1,75.57,37
B,1,75.57,37
B,1,75.57,37
B,1,75.57,37
B,1,75.57,37
B,1,75.57,37
B,1,75.57,37
B,1,75.57,37
B,1,75.57,37
B,1,75.57,37
B,1,75.57,37
B,1,75.57,37
B,1,75.57,37
B,1,75.57,37
B,1,75.57,37
B,1,75.57,37
B,1,75.57,37
B,1,75.57,37
B,1,75.57,37
B,1,75.57,37
B,1,75.84,38
B,1,75.84,38
B,1,75.84,38
B,1,75.84,38
B,1,75.84,38
B,1,76.11,0
B,1,76.37,39
B,1,76.37,39
B,1,76.37,39
B,1,76.37,39
B,1,76.37,39
B,1,76.37,39
B,1,76.37,39
B,1,76.37,39
B,1,76.37,39
B,1,76.64,0
B,1,76.92,0
B,1,77.47,0
B,1,78,40
B,1,78,40
B,1,78,40
B,1,78,40
B,1,78.55,0
B,1,79.11,0
B,1,79.37,0
B,1,79.65,0
B,1,79.91,0
B,1,80.44,41
B,1,80.44,41
B,1,80.73,0
B,1,81.3,0
B,1,81.57,42
B,1,81.57,42
B,1,81.83,0
B,1,82.35,0
B,1,82.62,43
B,1,82.62,43
B,1,82.89,44
B,1,82.89,44
B,1,82.89,44
B,1,83.15,45
B,1,83.15,45
B,1,83.42,46
B,1,83.42,46
B,1,83.42,46
B,1,83.95,0
B,1,84.23,0
B,1,84.82,0
B,1,87.26,0
B,1,89.29,47
B,1,89.29,47
B,1,91.5,0
B,1,92.09,48
B,1,92.09,48
B,1,95.78,49
B,1,95.78,49
B,1,99.18,49
B,1,99.7,50
B,1,99.7,50
B,1,99.7,50
B,1,100.23,51
B,1,100.23,51
B,1,104.6,0
B,1,112.29,52
B,1,112.29,52
B,1,112.29,52
B,2,0,0
B,2,10.79,1
B,2,10.79,1
B,2,10.79,1
B,2,12.73,2
B,2,12.73,2
B,2,13.54,3
B,2,13.54,3
B,2,13.54,3
B,2,13.54,3
B,2,14.07,0
B,2,14.35,4
B,2,14.35,4
B,2,14.63,0
B,2,14.91,5
B,2,14.91,5
B,2,14.91,5
B,2,14.91,5
B,2,14.91,5
B,2,14.91,5
B,2,14.91,5
B,2,14.91,5
B,2,15.17,6
B,2,15.17,6
B,2,15.17,6
B,2,15.17,6
B,2,15.17,6
B,2,15.17,6
B,2,15.17,6
B,2,15.17,6
B,2,15.17,6
B,2,15.17,6
B,2,15.17,6
B,2,15.17,6
B,2,15.17,6
B,2,15.17,6
B,2,15.17,6
B,2,15.17,6
B,2,15.17,6
B,2,15.17,6
B,2,15.17,6
B,2,15.17,6
B,2,15.17,6
B,2,15.43,0
B,2,15.97,7
B,2,15.97,7
B,2,15.97,7
B,2,16.77,8
B,2,16.77,8
B,2,16.77,8
B,2,16.77,8
B,2,16.77,8
B,2,16.77,8
B,2,16.77,8
B,2,16.77,8
B,2,16.77,8
B,2,16.77,8
B,2,16.77,8
B,2,17.47,9
B,2,17.47,9
B,2,20.43,10
B,2,20.43,10
B,2,20.43,10
B,2,21.53,11
B,2,21.53,11
B,2,21.53,11
B,2,21.53,11
B,2,23.44,12
B,2,23.44,12
B,2,23.44,12
B,2,23.44,12
B,2,23.96,0
B,2,24.23,13
B,2,24.23,13
B,2,25.06,14
B,2,25.06,14
B,2,25.06,14
B,2,25.34,15
B,2,25.34,15
B,2,25.34,15
B,2,25.34,15
B,2,25.34,15
B,2,25.91,0
B,2,26.18,16
B,2,26.18,16
B,2,26.18,16
B,2,26.18,16
B,2,26.18,16
B,2,26.18,16
B,2,26.44,0
B,2,26.7,17
B,2,26.7,17
B,2,27.5,17
B,2,27.5,17
B,2,27.5,17
B,2,28.03,18
B,2,28.03,18
B,2,28.03,18
B,2,28.03,18
B,2,28.03,18
B,2,28.03,18
B,2,28.03,18
B,2,28.56,19
B,2,28.56,19
B,2,28.82,20
B,2,28.82,20
B,2,29.36,0
B,2,29.63,21
B,2,29.63,21
B,2,29.63,21
B,2,29.63,21
B,2,30.43,22
B,2,30.43,22
B,2,30.43,22
B,2,30.43,22
B,2,31.54,0
B,2,32.08,23
B,2,32.08,23
B,2,32.62,0
B,2,33.15,24
B,2,33.15,24
B,2,33.15,24
B,2,33.15,24
B,2,33.15,24
B,2,33.15,24
B,2,33.15,24
B,2,33.15,24
B,2,33.15,24
B,2,33.15,24
B,2,33.15,24
B,2,33.15,24
B,2,33.15,24
B,2,33.15,24
B,2,33.15,24
B,2,33.15,24
B,2,33.15,24
B,2,33.15,24
B,2,33.15,24
B,2,33.15,24
B,2,33.15,24
B,2,33.15,24
B,2,33.15,24
B,2,33.15,24
B,2,33.15,24
B,2,33.15,24
B,2,33.15,24
B,2,33.15,24
B,2,33.15,24
B,2,33.15,24
B,2,33.15,24
B,2,33.15,24
B,2,33.15,24
B,2,33.15,24
B,2,33.15,24
B,2,33.15,24
B,2,33.15,24
B,2,33.15,24
B,2,33.15,24
B,2,33.15,24
B,2,33.15,24
B,2,33.15,24
B,2,35.64,25
B,2,35.64,25
B,2,35.64,25
B,2,38.54,0
B,2,43.75,26
B,2,43.75,26
B,2,43.75,26
B,2,43.75,26
B,2,43.75,26
B,2,43.75,26
B,2,43.75,26
B,2,43.75,26
B,2,43.75,26
B,2,43.75,26
B,2,43.75,26
B,2,43.75,26
B,2,43.75,26
B,2,43.75,26
B,2,43.75,26
B,2,43.75,26
B,2,43.75,26
B,2,43.75,26
B,2,43.75,26
B,2,43.75,26
B,2,43.75,26
B,2,43.75,26
B,2,43.75,26
B,2,43.75,26
B,2,43.75,26
B,2,43.75,26
B,2,43.75,26
B,2,43.75,26
B,2,43.75,26
B,2,43.75,26
B,2,44.01,0
B,2,44.28,27
B,2,44.28,27
B,2,44.28,27
B,2,44.28,27
B,2,44.54,0
B,2,44.8,28
B,2,44.8,28
B,2,44.8,28
B,2,44.8,28
B,2,44.8,28
B,2,44.8,28
B,2,44.8,28
B,2,44.8,28
B,2,44.8,28
B,2,44.8,28
B,2,45.06,29
B,2,45.06,29
B,2,45.06,29
B,2,45.06,29
B,2,45.06,29
B,2,45.06,29
B,2,45.06,29
B,2,45.06,29
B,2,45.06,29
B,2,45.33,0
B,2,45.59,0
B,2,45.85,30
B,2,45.85,30
B,2,45.85,30
B,2,45.85,30
B,2,46.65,31
B,2,46.65,31
B,2,46.65,31
B,2,46.65,31
B,2,46.65,31
B,2,46.65,31
B,2,46.65,31
B,2,46.91,0
B,2,47.18,32
B,2,47.18,32
B,2,47.99,33
B,2,47.99,33
B,2,49.12,34
B,2,49.12,34
B,2,49.12,34
B,2,50.53,35
B,2,50.53,35
B,2,51.34,0
B,2,51.62,36
B,2,51.62,36
B,2,52.46,37
B,2,52.46,37
B,2,52.46,37
B,2,52.46,37
B,2,52.73,0
B,2,53,0
B,2,53.53,0
B,2,56.81,38
B,2,56.81,38
B,2,57.08,39
B,2,57.08,39
B,2,57.08,39
B,2,61.99,0
B,2,64.7,40
B,2,64.7,40
B,2,64.7,40
B,2,64.7,40
B,2,64.7,40
B,2,64.7,40
B,2,65.25,41
B,2,65.25,41
B,2,65.25,41
B,2,66.33,0
B,2,67.45,42
B,2,67.45,42
B,2,67.74,42
B,2,67.74,42
B,2,67.74,42
B,2,68.02,0
B,2,68.29,43
B,2,68.29,43
B,2,68.29,43
B,2,68.29,43
B,2,68.81,44
B,2,68.81,44
B,2,69.07,45
B,2,69.07,45
B,2,69.07,45
B,2,69.07,45
B,2,69.07,45
B,2,69.07,45
B,2,69.07,45
B,2,69.07,45
B,2,69.07,45
B,2,69.07,45
B,2,69.07,45
B,2,69.34,0
B,2,69.63,46
B,2,69.63,46
B,2,72.11,47
B,2,72.11,47
B,2,72.11,47
B,2,73.91,48
B,2,73.91,48
B,2,73.91,48
B,2,73.91,48
B,2,73.91,48
B,2,73.91,48
B,2,73.91,48
B,2,73.91,48
B,2,73.91,48
B,2,74.17,0
B,2,74.7,49
B,2,74.7,49
B,2,74.97,0
B,2,75.24,50
B,2,75.24,50
B,2,75.24,50
B,2,75.24,50
B,2,75.24,50
B,2,75.24,50
B,2,75.24,50
B,2,75.24,50
B,2,75.24,50
B,2,75.24,50
B,2,75.24,50
B,2,76.3,0
B,2,77.15,0
B,2,77.43,0
B,2,77.72,51
B,2,77.72,51
B,2,77.72,51
B,2,78.01,52
B,2,78.01,52
B,2,78.27,53
B,2,78.27,53
B,2,78.27,53
B,2,78.53,54
B,2,78.53,54
B,2,78.53,54
B,2,78.53,54
B,2,78.53,54
B,2,78.53,54
B,2,78.53,54
B,2,78.53,54
B,2,78.53,54
B,2,78.53,54
B,2,78.8,55
B,2,78.8,55
B,2,78.8,55
B,2,79.36,0
B,2,79.93,56
B,2,79.93,56
B,2,87.22,57
B,2,87.22,57
B,2,87.22,57
B,3,0,0
B,3,0.85,1
B,3,0.85,1
B,3,0.85,1
B,3,4.9,2
B,3,4.9,2
B,3,4.9,2
B,3,4.9,2
B,3,4.9,2
B,3,5.17,0
B,3,5.97,3
B,3,5.97,3
B,3,6.54,4
B,3,6.54,4
B,3,8.69,0
B,3,9.32,0
B,3,9.96,5
B,3,9.96,5
B,3,10.52,0
B,3,11.07,6
B,3,11.07,6
B,3,11.07,6
B,3,11.07,6
B,3,11.07,6
B,3,11.07,6
B,3,11.07,6
B,3,11.07,6
B,3,11.07,6
B,3,11.07,6
B,3,11.07,6
B,3,47.45,7
B,3,47.45,7
B,3,47.45,7
B,3,47.99,7
B,3,47.99,7
B,3,47.99,7
B,3,47.99,7
B,3,47.99,7
B,3,47.99,7
B,3,47.99,7
B,3,49.45,8
B,3,49.45,8
B,3,50.47,9
B,3,50.47,9
B,3,54.35,10
B,3,54.35,10
B,3,54.65,0
B,3,61.4,11
B,3,61.4,11
B,3,61.4,11
B,3,61.4,11
B,3,61.67,0
B,3,62.21,12
B,3,62.21,12
B,3,62.21,12
B,3,62.75,13
B,3,62.75,13
B,3,63.02,14
B,3,63.02,14
B,3,63.56,0
B,3,64.93,15
B,3,64.93,15
B,3,64.93,15
B,3,64.93,15
B,3,64.93,15
B,3,64.93,15
B,3,64.93,15
B,3,64.93,15
B,3,64.93,15
B,3,67.12,0
B,3,67.41,16
B,3,67.41,16
B,3,67.41,16
B,3,67.41,16
B,3,68.6,17
B,3,68.6,17
B,3,68.6,17
B,3,68.6,17
B,3,69.97,18
B,3,69.97,18
B,3,69.97,18
B,3,70.27,0
B,3,70.89,19
B,3,70.89,19
B,3,70.89,19
B,3,70.89,19
B,3,70.89,19
B,3,96.79,0
B,3,97.06,19
B,3,97.06,19
B,3,99.94,0
B,3,103.64,20
B,3,103.64,20
B,3,104.5,0
B,3,106,21
B,3,106,21
B,3,107.5,0
B,3,119.22,22
B,3,119.22,22
B,3,119.22,22
B,3,119.22,22
B,3,124.04,23
B,3,124.04,23
B,3,124.32,23
B,3,124.58,23
B,3,124.58,23
B,3,125.76,24
B,3,125.76,24
B,3,126.67,24
B,3,126.67,24
B,3,126.67,24
B,3,126.67,24
B,3,126.96,0
B,3,127.51,25
B,3,127.51,25
B,3,127.79,26
B,3,127.79,26
B,3,127.79,26
B,3,128.05,27
B,3,128.05,27
B,3,128.33,28
B,3,128.33,28
B,3,128.33,28
B,3,130.58,0
B,3,132.1,29
B,3,132.1,29
B,3,133.23,0
B,3,134.36,30
B,3,134.36,30
B,3,134.36,30
B,3,135.2,31
B,3,135.2,31
B,3,135.2,31
B,3,135.2,0
B,3,136.07,32
B,3,136.07,32
B,3,136.93,33
B,3,136.93,33
B,3,137.52,34
B,3,137.52,34
B,3,138.96,35
B,3,138.96,35
B,3,138.96,35
B,3,140.1,0
B,3,140.66,0
B,3,141.78,36
B,3,141.78,36
B,3,142.07,37
B,3,142.37,37
B,3,142.37,37
B,3,143.2,0
B,3,143.77,0
B,3,144.04,0
B,3,144.87,38
B,3,144.87,38
B,3,146.61,39
B,3,146.61,39
B,3,148.03,40
B,3,148.03,40
B,3,148.03,40
B,3,148.03,40
B,3,148.03,40
B,3,149.73,0
B,3,150.28,41
B,3,150.28,41
B,3,150.28,41
B,3,150.54,0
B,3,151.08,42
B,3,151.08,42
B,3,151.4,0
B,3,152.11,0
B,3,153.41,43
B,3,153.41,43
B,3,153.68,0
B,3,154.56,0
B,3,159.44,44
B,3,159.44,44
B,3,165.72,45
B,3,165.72,45
B,3,165.72,45
B,3,165.72,45
B,3,171.02,46
B,3,171.02,46
B,3,183.2,47
B,3,183.2,47
B,3,183.2,47
B,3,183.48,0
B,3,184.65,48
B,3,184.65,48
B,3,184.65,48
B,3,184.65,48
B,3,186.13,49
B,3,186.13,49
B,3,189.4,50
B,3,189.4,50
B,3,189.4,50
B,3,190.76,51
B,3,190.76,51
B,3,191.86,52
B,3,191.86,52
B,3,191.86,52
B,3,191.86,52
B,3,195.76,53
B,3,195.76,53
B,3,196.32,54
B,3,196.32,54
B,3,196.63,55
B,3,196.63,55
B,3,204.86,56
B,3,204.86,56
B,3,204.86,56
B,3,204.86,56
B,3,204.86,56
B,3,204.86,56
B,3,204.86,56
B,3,204.86,56
B,3,208.76,57
B,3,208.76,57
B,3,208.76,57
B,3,208.76,57
B,3,208.76,57
B,3,209.03,58
B,3,209.03,58
B,4,0,0
B,4,28.82,1
B,4,28.82,1
B,4,28.82,1
B,4,29.08,0
B,4,29.34,2
B,4,29.34,2
B,4,29.34,2
B,4,29.34,2
B,4,29.34,2
B,4,29.34,2
B,4,29.34,2
B,4,29.34,2
B,4,29.34,2
B,4,29.34,2
B,4,29.34,2
B,4,29.34,2
B,4,29.34,2
B,4,29.34,2
B,4,29.34,2
B,4,29.34,2
B,4,29.34,2
B,4,29.34,2
B,4,29.34,2
B,4,29.34,2
B,4,29.34,2
B,4,29.34,2
B,4,29.34,2
B,4,29.34,2
B,4,29.34,2
B,4,29.34,2
B,4,29.91,0
B,4,30.2,3
B,4,30.2,3
B,4,30.99,4
B,4,30.99,4
B,4,30.99,4
B,4,30.99,4
B,4,30.99,4
B,4,30.99,4
B,4,30.99,4
B,4,30.99,4
B,4,31.53,0
B,4,38.15,5
B,4,38.15,5
B,4,43.13,0
B,4,46.11,6
B,4,46.11,6
B,4,46.11,6
B,4,46.11,6
B,4,55.82,0
B,4,59.33,7
B,4,59.33,7
B,4,61.63,8
B,4,61.63,8
B,4,72.39,0
B,4,72.66,9
B,4,72.66,9
B,4,72.66,9
B,4,73.5,10
B,4,73.5,10
B,4,73.5,10
B,4,73.5,10
B,4,73.5,10
B,4,73.5,10
B,4,73.5,10
B,4,74.35,11
B,4,74.35,11
B,4,74.35,11
B,4,84.75,12
B,4,84.75,12
B,4,84.75,12
B,4,84.75,12
B,5,0,1
B,5,0,1
B,5,0.58,2
B,5,0.58,2
B,5,0.86,0
B,5,14.58,3
B,5,14.58,3
B,5,14.58,3
B,5,16.03,4
B,5,16.03,4
B,5,16.03,4
B,5,18.02,0
B,5,18.56,5
B,5,18.56,5
B,5,18.83,6
B,5,18.83,6
B,5,19.1,7
B,5,19.1,7
B,5,19.67,8
B,5,19.67,8
B,5,19.67,8
B,5,19.67,8
B,5,19.67,8
B,5,53.04,9
B,5,53.04,9
B,5,53.04,9
B,5,53.04,9
B,5,53.31,0
B,5,53.86,10
B,5,53.86,10
B,5,54.96,0
B,5,57.26,11
B,5,57.26,11
B,5,57.26,11
B,5,76.22,0
B,5,76.49,0
B,5,76.76,0
B,5,77.02,12
B,5,77.02,12
B,5,77.02,12
B,5,77.02,12
B,5,77.29,13
B,5,77.29,13
B,5,77.29,13
B,5,77.29,13
B,5,77.29,13
B,5,77.29,13
B,5,77.29,13
B,5,77.82,14
B,5,77.82,14
B,5,77.82,14
B,5,77.82,14
B,5,77.82,14
B,5,77.82,14
B,5,78.1,15
B,5,78.1,15
B,5,78.1,15
B,5,78.1,15
B,5,78.1,15
B,5,81.59,16
B,5,81.59,16
B,5,81.59,16
B,5,81.59,16
B,5,81.59,16
B,5,99.82,0
B,5,101.03,17
B,5,101.03,17
B,5,101.03,17
B,5,103.63,18
B,5,103.63,18
B,5,103.9,19
B,5,103.9,19
B,5,103.9,19
B,5,103.9,19
B,5,103.9,19
B,5,104.7,0
B,5,105.84,20
B,5,105.84,20
B,5,105.84,20
B,5,105.84,20
B,5,106.11,21
B,5,106.11,21
B,5,106.74,0
B,5,108.81,0
B,5,110.32,22
B,5,110.32,22
B,5,110.32,22
B,5,110.86,23
B,5,110.86,23
B,5,111.7,0
B,5,111.98,24
B,5,111.98,24
B,5,111.98,24
B,5,112.52,25
B,5,112.52,25
B,5,112.52,25
B,5,112.52,25
B,5,112.52,25
B,5,112.52,25
B,5,112.52,25
B,5,113.9,26
B,5,113.9,26
B,5,113.9,26
B,5,113.9,26
B,5,113.9,26
B,5,113.9,26
B,5,115.27,27
B,5,115.27,27
B,5,115.27,27
B,5,115.27,27
B,5,115.27,27
B,5,115.56,28
B,5,115.56,28
B,5,115.84,0
B,5,116.1,0
B,5,116.37,0
B,5,116.63,29
B,5,116.63,29
B,5,116.63,29
B,5,116.63,29
B,5,116.63,29
B,5,116.63,29
B,5,116.63,29
B,5,116.63,29
B,5,116.63,29
B,5,116.63,29
B,5,116.63,29
B,5,116.63,29
B,5,116.63,29
B,5,116.63,29
B,5,116.63,29
B,5,116.9,0
B,5,117.44,30
B,5,117.44,30
B,5,117.99,0
B,5,118.27,31
B,5,118.27,31
B,5,118.27,31
B,5,118.83,0
B,5,119.11,32
B,5,119.11,32
B,5,119.11,32
B,5,120.61,33
B,5,120.61,33
B,5,121.17,34
B,5,121.17,34
B,5,122.25,35
B,5,122.25,35
B,5,122.9,36
B,5,122.9,36
B,5,123.98,37
B,5,123.98,37
B,5,123.98,37
B,5,124.57,38
B,5,124.57,38
B,5,125.93,39
B,5,125.93,39
B,5,125.93,39
B,5,125.93,39
B,5,125.93,39
B,5,125.93,39
B,5,125.93,39
B,5,125.93,39
B,5,125.93,39
B,5,125.93,39
B,5,125.93,39
B,5,125.93,39
B,5,127.32,40
B,5,127.32,40
B,5,130.09,41
B,5,130.09,41
B,5,130.09,41
B,5,130.09,41
B,5,132.36,42
B,5,132.36,42
B,5,132.92,43
B,5,132.92,43
B,5,132.92,43
B,5,132.92,43
B,5,132.92,43
B,5,132.92,43
B,5,132.92,43
B,5,132.92,43
B,5,132.92,43
B,5,132.92,43
B,5,133.19,44
B,5,133.19,44
B,5,133.19,44
B,5,133.19,44
B,5,133.46,45
B,5,133.46,45
B,5,133.46,45
B,5,133.46,45
B,5,133.46,45
B,5,133.46,45
B,5,133.46,45
B,5,133.46,45
B,5,133.46,45
B,5,133.46,45
B,5,133.46,45
B,5,133.73,46
B,5,133.73,46
B,5,135.08,47
B,5,135.08,47
B,5,136.9,0
B,5,137.85,0
B,5,138.13,48
B,5,138.13,48
B,5,138.4,49
B,5,138.4,49
B,5,138.4,49
B,5,138.4,49
B,5,138.4,49
B,5,138.4,50
B,5,138.4,50
B,5,145.02,0
B,5,145.29,51
B,5,145.29,51
B,5,145.29,51
B,5,145.55,52
B,5,145.55,52
B,5,149.76,53
B,5,149.76,53
B,6,0,1
B,6,0,1
B,6,0,1
B,6,0.8,0
B,6,1.07,0
B,6,1.36,2
B,6,1.36,2
B,6,1.36,2
B,6,2.47,0
B,6,3.02,3
B,6,3.02,3
B,6,3.02,3
B,6,3.02,3
B,6,3.02,3
B,6,3.02,3
B,6,3.29,0
B,6,3.55,4
B,6,3.55,4
B,6,3.55,4
B,6,3.55,4
B,6,3.55,4
B,6,3.55,4
B,6,3.55,4
B,6,3.82,5
B,6,3.82,5
B,6,4.09,6
B,6,4.09,6
B,6,4.65,0
B,6,4.93,7
B,6,4.93,7
B,6,4.93,7
B,6,5.19,8
B,6,5.19,8
B,6,5.19,8
B,6,5.46,9
B,6,5.46,9
B,6,5.46,9
B,6,5.46,9
B,6,5.73,10
B,6,5.73,10
B,6,5.73,10
B,6,5.73,10
B,6,5.73,10
B,6,5.73,10
B,6,5.73,10
B,6,5.73,10
B,6,6,11
B,6,6,11
B,6,6,11
B,6,6,11
B,6,6.54,12
B,6,6.54,12
B,6,7.36,13
B,6,7.36,13
B,6,7.36,13
B,6,7.36,13
B,6,7.36,13
B,6,7.36,13
B,6,7.64,0
B,6,8.47,0
B,6,9.04,14
B,6,9.04,14
B,6,9.04,14
B,6,9.04,14
B,6,9.04,14
B,6,9.04,14
B,6,9.04,14
B,6,9.04,14
B,6,9.04,14
B,6,9.04,14
B,6,9.04,14
B,6,9.04,14
B,6,9.04,14
B,6,9.04,14
B,6,9.04,14
B,6,9.04,14
B,6,9.04,14
B,6,9.04,14
B,6,9.04,14
B,6,9.04,14
B,6,9.04,14
B,6,9.04,14
B,6,9.04,14
B,6,9.04,14
B,6,9.04,14
B,6,9.04,14
B,6,9.04,14
B,6,9.04,14
B,6,9.04,14
B,6,9.04,14
B,6,9.04,14
B,6,9.04,14
B,6,9.04,14
B,6,9.04,14
B,6,9.04,14
B,6,9.04,14
B,6,9.04,14
B,6,9.04,14
B,6,9.04,14
B,6,9.04,14
B,6,9.04,14
B,6,9.04,14
B,6,9.04,14
B,6,9.04,14
B,6,9.04,14
B,6,9.04,14
B,6,9.31,15
B,6,9.31,15
B,6,9.57,0
B,6,9.84,0
B,6,10.1,16
B,6,10.1,16
B,6,10.1,16
B,6,10.1,16
B,6,10.1,16
B,6,10.1,16
B,6,10.36,17
B,6,10.36,17
B,6,10.63,17
B,6,10.9,0
B,6,11.44,0
B,6,11.71,18
B,6,11.71,18
B,6,11.97,0
B,6,12.23,0
B,6,12.5,19
B,6,12.5,19
B,6,12.5,19
B,6,12.76,0
B,6,13.03,20
B,6,13.03,20
B,6,13.03,20
B,6,13.03,20
B,6,13.03,20
B,6,13.03,20
B,6,13.03,20
B,6,13.03,20
B,6,13.03,20
B,6,13.03,20
B,6,13.03,20
B,6,13.03,20
B,6,13.03,20
B,6,13.03,20
B,6,13.03,20
B,6,13.56,21
B,6,13.56,21
B,6,13.56,21
B,6,13.56,21
B,6,13.56,21
B,6,13.56,21
B,6,13.56,21
B,6,13.83,0
B,6,14.09,22
B,6,14.09,22
B,6,14.09,22
B,6,14.09,22
B,6,14.09,22
B,6,14.09,22
B,6,14.09,22
B,6,14.35,0
B,6,14.88,0
B,6,15.14,23
B,6,15.14,23
B,6,15.14,23
B,6,15.14,23
B,6,15.14,23
B,6,15.14,23
B,6,15.14,23
B,6,15.14,23
B,6,15.14,23
B,6,15.14,23
B,6,15.14,23
B,6,15.14,23
B,6,15.14,23
B,6,15.14,23
B,6,15.14,23
B,6,15.14,23
B,6,15.14,23
B,6,15.14,23
B,6,15.14,23
B,6,15.14,23
B,6,15.14,23
B,6,15.14,23
B,6,15.14,23
B,6,15.14,23
B,6,15.14,23
B,6,15.14,23
B,6,15.14,23
B,6,15.14,23
B,6,15.14,23
B,6,15.14,23
B,6,15.14,23
B,6,15.14,23
B,6,15.14,23
B,6,15.14,23
B,6,15.14,23
B,6,15.14,23
B,6,15.14,23
B,6,15.14,23
B,6,15.14,23
B,6,15.14,23
B,6,15.14,23
B,6,15.14,23
B,6,15.14,23
B,6,15.14,23
B,6,15.14,23
B,6,15.14,23
B,6,15.14,23
B,6,15.14,23
B,6,15.14,23
B,6,15.14,23
B,6,15.41,24
B,6,15.41,24
B,6,15.41,24
B,6,15.67,25
B,6,15.67,25
B,6,15.67,25
B,6,15.67,25
B,6,15.67,25
B,6,15.67,25
B,6,15.67,25
B,6,15.67,25
B,6,15.67,25
B,6,15.67,25
B,6,15.67,25
B,6,15.67,25
B,6,15.67,25
B,6,15.67,25
B,6,15.67,25
B,6,15.67,25
B,6,15.67,25
B,6,15.67,25
B,6,15.67,25
B,6,15.67,25
B,6,15.67,25
B,6,15.67,25
B,6,15.67,25
B,6,15.67,25
B,6,15.67,25
B,6,15.67,25
B,6,16.2,26
B,6,16.2,26
B,6,16.2,26
B,6,16.46,27
B,6,16.46,27
B,6,16.46,27
B,6,16.46,27
B,6,16.46,27
B,6,16.46,27
B,6,16.46,27
B,6,16.46,27
B,6,16.46,27
B,6,16.46,27
B,6,16.46,27
B,6,16.46,27
B,6,16.46,27
B,6,16.46,27
B,6,16.46,27
B,6,16.46,27
B,6,16.46,27
B,6,16.46,27
B,6,16.46,27
B,6,16.46,27
B,6,16.46,27
B,6,16.46,27
B,6,16.46,27
B,6,16.72,0
B,6,16.99,28
B,6,16.99,28
B,6,16.99,28
B,6,17.25,29
B,6,17.25,29
B,6,17.25,29
B,6,17.25,29
B,6,17.25,29
B,6,17.25,29
B,6,17.25,29
B,6,17.25,29
B,6,17.25,29
B,6,17.25,29
B,6,17.25,29
B,6,17.25,29
B,6,17.25,29
B,6,17.25,29
B,6,17.25,29
B,6,17.25,29
B,6,17.25,29
B,6,17.25,29
B,6,17.25,29
B,6,17.52,30
B,6,17.52,30
B,6,17.52,30
B,6,17.52,30
B,6,17.52,30
B,6,17.78,31
B,6,17.78,31
B,6,18.05,32
B,6,18.05,32
B,6,18.58,33
B,6,18.58,33
B,6,18.58,33
B,6,18.58,33
B,6,19.1,34
B,6,19.1,34
B,6,19.1,34
B,6,19.36,35
B,6,19.36,35
B,6,19.36,35
B,6,19.36,35
B,6,19.36,35
B,6,19.36,35
B,6,19.36,35
B,6,19.36,35
B,6,19.36,35
B,6,19.36,35
B,6,19.36,35
B,6,19.36,35
B,6,19.36,35
B,6,19.64,0
B,6,19.92,36
B,6,19.92,36
B,6,19.92,36
B,6,20.19,0
B,6,20.72,37
B,6,20.72,37
B,6,20.72,37
B,6,20.72,37
B,6,20.72,37
B,6,20.72,37
B,6,20.99,0
B,6,21.26,38
B,6,21.26,38
B,6,21.26,38
B,6,21.26,38
B,6,21.26,38
B,6,21.26,38
B,6,21.26,38
B,6,21.26,38
B,6,21.26,38
B,6,21.26,38
B,6,21.26,38
B,6,21.26,38
B,6,21.53,39
B,6,21.53,39
B,6,21.53,39
B,6,21.53,39
B,6,21.8,40
B,6,21.8,40
B,6,21.8,40
B,6,21.8,40
B,6,21.8,40
B,6,21.8,40
B,6,22.34,41
B,6,22.34,4
B,6,22.34,41
B,6,22.34,41
B,6,22.61,42
B,6,22.61,42
B,6,22.61,42
B,6,22.61,42
B,6,22.61,42
B,6,22.61,42
B,6,22.61,42
B,6,23.17,0
B,6,24.05,0
B,6,25.49,43
B,6,25.49,43
B,6,25.49,43
B,6,26.05,44
B,6,26.05,44
B,6,26.32,0
B,6,26.6,45
B,6,26.6,45
B,6,26.6,45
B,6,27.17,0
B,6,27.75,46
B,6,27.75,46
B,6,28.03,47
B,6,28.03,47
B,6,28.03,47
B,6,28.31,48
B,6,28.31,48
B,6,28.31,48
B,6,28.84,49
B,6,28.84,49
B,6,29.38,50
B,6,29.38,50
B,6,29.38,50
B,6,29.38,50
B,6,29.97,51
B,6,29.97,51
B,6,29.97,51
B,6,29.97,51
B,6,29.97,51
B,6,29.97,51
B,6,29.97,51
B,6,29.97,51
B,6,29.97,51
B,6,29.97,51
B,6,29.97,51
B,6,29.97,51
B,6,29.97,51
B,6,29.97,51
B,6,29.97,51
B,6,29.97,51
B,6,29.97,51
B,6,29.97,51
B,6,29.97,51
B,6,29.97,51
B,6,29.97,51
B,6,29.97,51
B,6,29.97,51
B,6,29.97,51
B,6,29.97,51
B,6,30.25,52
B,6,30.25,52
B,6,30.53,53
B,6,30.53,53
B,6,31.09,54
B,6,31.09,54
B,6,31.35,55
B,6,31.35,55
B,6,31.35,55
B,6,33.11,0
B,6,34.53,56
B,6,34.53,56
B,6,34.53,56
B,6,34.81,0
B,6,35.09,0
B,6,35.37,0
B,6,35.66,57
B,6,35.66,57
B,6,35.94,0
B,6,36.21,58
B,6,36.21,58
B,6,36.21,58
B,6,36.74,59
B,6,36.74,59
B,6,36.74,59
B,6,37.01,60
B,6,37.01,60
B,6,37.01,60
B,6,37.01,60
B,6,37.01,60
B,6,37.01,60
B,6,37.01,60
B,6,37.01,60
B,6,37.01,60
B,6,37.01,60
B,6,37.01,60
B,6,37.01,60
B,6,37.01,60
B,6,37.01,60
B,6,37.01,60
B,6,37.01,60
B,6,37.01,60
B,6,37.01,60
B,6,37.01,60
B,6,37.01,60
B,6,37.95,61
B,6,37.95,61
B,6,39.16,62
B,6,39.16,62
B,6,39.69,0
B,6,40.5,0
B,6,40.77,0
B,6,41.56,0
B,6,42.1,63
B,6,42.1,63
B,6,42.1,63
B,6,42.63,6
B,6,42.63,64
B,6,42.9,65
B,6,42.9,65
B,6,43.44,66
B,6,43.44,66
B,6,43.44,66
B,6,43.7,67
B,6,43.7,67
B,6,43.7,67
B,6,43.7,67
B,6,43.97,68
B,6,43.97,68
B,6,43.97,68
B,6,43.97,68
B,6,43.97,68
B,6,43.97,68
B,6,43.97,68
B,6,43.97,68
B,6,43.97,68
B,6,43.97,68
B,6,43.97,68
B,6,43.97,68
B,6,43.97,68
B,6,43.97,68
B,6,43.97,68
B,6,43.97,68
B,6,43.97,68
B,6,43.97,68
B,6,43.97,68
B,6,43.97,68
B,6,43.97,68
B,6,43.97,68
B,6,44.23,0
B,6,44.5,69
B,6,44.5,69
B,6,44.5,69
B,6,44.5,69
B,6,45.03,70
B,6,45.03,70
B,6,45.03,70
B,6,45.03,70
B,6,45.03,70
B,6,45.3,71
B,6,45.3,71
B,6,45.3,71
B,6,45.3,71
B,6,45.3,71
B,6,45.3,71
B,6,45.3,71
B,6,45.3,71
B,6,45.3,71
B,6,45.3,71
B,6,45.3,71
B,6,45.3,71
B,6,45.3,71
B,6,45.3,71
B,6,45.3,71
B,6,45.3,71
B,6,45.3,71
B,6,45.3,71
B,6,45.3,71
B,6,45.3,71
B,6,45.3,71
B,6,45.3,71
B,6,45.3,71
B,6,45.3,71
B,6,45.3,71
B,6,45.3,71
B,6,45.3,71
B,6,45.3,71
B,6,45.3,71
B,6,46.11,72
B,6,46.11,72
B,6,46.11,72
B,6,46.11,72
B,6,46.91,72
B,6,46.91,72
B,6,46.91,72
B,6,46.91,72
B,6,46.91,72
B,6,46.91,72
B,6,46.91,72
B,6,46.91,72
B,6,46.91,72
B,6,46.91,72
B,6,46.91,72
B,6,46.91,72
B,6,46.91,72
B,6,46.91,72
B,6,46.91,72
B,6,46.91,72
B,6,46.91,72
B,6,46.91,72
B,6,46.91,72
B,6,46.91,72
B,6,46.91,72
B,6,48.87,73
B,6,48.87,73
B,6,50.93,74
B,6,50.93,74
B,6,51.79,75
B,6,51.79,75
B,6,51.79,75
B,6,54.73,76
B,6,54.73,76
B,6,54.73,76
B,7,0,1
B,7,0,1
B,7,0,1
B,7,4.03,2
B,7,4.03,2
B,7,4.03,2
B,7,4.03,2
B,7,4.03,2
B,7,4.3,0
B,7,5.66,0
B,7,6.75,3
B,7,6.75,3
B,7,7.02,4
B,7,7.02,4
B,7,7.84,0
B,7,8.38,5
B,7,8.38,5
B,7,8.38,5
B,7,8.38,5
B,7,8.65,6
B,7,8.65,6
B,7,8.93,7
B,7,8.93,7
B,7,9.2,8
B,7,9.2,8
B,7,9.2,8
B,7,9.48,0
B,7,9.75,9
B,7,9.75,9
B,7,9.75,9
B,7,10.02,10
B,7,10.02,10
B,7,10.02,10
B,7,10.02,10
B,7,10.02,10
B,7,10.02,10
B,7,10.28,11
B,7,10.28,11
B,7,10.56,12
B,7,10.56,12
B,7,10.56,12
B,7,10.83,0
B,7,11.1,13
B,7,11.1,13
B,7,11.1,13
B,7,11.1,13
B,7,11.1,13
B,7,11.1,13
B,7,11.1,13
B,7,11.1,13
B,7,11.1,13
B,7,11.1,13
B,7,11.1,13
B,7,11.1,13
B,7,11.1,13
B,7,11.1,13
B,7,11.1,13
B,7,11.1,13
B,7,11.1,13
B,7,11.1,13
B,7,11.1,13
B,7,11.1,13
B,7,11.1,13
B,7,11.1,13
B,7,11.1,13
B,7,11.1,13
B,7,11.1,13
B,7,12.78,14
B,7,12.78,14
B,7,13.62,0
B,7,16.21,0
B,7,16.76,0
B,7,17.02,15
B,7,17.02,15
B,7,17.28,16
B,7,17.28,16
B,7,17.28,16
B,7,18.38,17
B,7,18.38,17
B,7,18.38,17
B,7,19.48,18
B,7,19.48,18
B,7,19.48,18
B,7,20.57,0
B,7,21.67,0
B,7,23.07,0
B,7,23.34,19
B,7,23.34,19
B,7,23.34,19
B,7,23.34,19
B,7,23.34,19
B,7,23.91,0
B,7,24.18,20
B,7,24.18,20
B,7,24.18,20
B,7,24.18,20
B,7,24.73,0
B,7,25.01,21
B,7,25.01,21
B,7,25.01,21
B,7,25.01,21
B,7,25.01,21
B,7,25.01,21
B,7,25.01,21
B,7,25.27,22
B,7,25.27,22
B,7,25.27,22
B,7,25.27,22
B,7,25.54,23
B,7,25.54,23
B,7,25.8,24
B,7,25.8,24
B,7,25.8,24
B,7,26.08,0
B,7,27.47,25
B,7,27.47,25
B,7,27.47,25
B,7,28.31,26
B,7,28.31,26
B,7,28.31,26
B,7,28.31,26
B,7,28.31,26
B,7,28.31,26
B,7,28.31,26
B,7,28.31,26
B,7,28.31,26
B,7,28.31,26
B,7,28.31,26
B,7,28.31,26
B,7,28.31,26
B,7,28.31,26
B,7,28.31,26
B,7,28.31,26
B,7,28.31,26
B,7,28.31,26
B,7,28.31,26
B,7,28.31,26
B,7,28.31,26
B,7,28.31,26
B,7,28.31,26
B,7,28.31,26
B,7,28.31,26
B,7,28.31,26
B,7,28.31,26
B,7,28.31,26
B,7,28.31,26
B,7,28.57,0
B,7,29.1,27
B,7,29.1,27
B,7,29.91,28
B,7,29.91,28
B,7,29.91,28
B,7,29.91,28
B,7,30.17,29
B,7,30.17,29
B,7,30.17,29
B,7,30.43,30
B,7,30.43,30
B,7,32.94,31
B,7,32.94,31
B,7,33.47,32
B,7,33.47,32
B,7,33.47,32
B,7,33.47,32
B,7,33.47,32
B,7,37.14,0
B,7,62.88,33
B,7,62.88,33
B,7,63.44,0
B,7,64.54,34
B,7,64.54,34
B,7,64.54,34
B,7,64.54,34
B,7,64.8,0
B,7,65.34,35
B,7,65.34,35
B,7,65.34,35
B,7,65.34,35
B,7,65.34,35
B,7,65.34,35
B,7,65.34,35
B,7,65.34,35
B,7,65.34,35
B,7,65.87,36
B,7,65.87,36
B,7,66.14,37
B,7,66.14,37
B,7,66.14,37
B,7,66.14,37
B,7,66.69,38
B,7,66.69,38
B,7,66.95,0
B,7,67.48,0
B,7,67.76,39
B,7,67.76,39
B,7,67.76,39
B,7,67.76,39
B,7,67.76,39
B,7,67.76,39
B,7,67.76,39
B,7,67.76,39
B,7,67.76,39
B,7,67.76,39
B,7,68.3,40
B,7,68.3,40
B,7,69.09,41
B,7,69.09,41
B,7,69.63,0
B,7,69.91,0
B,7,70.75,0
B,7,71.88,42
B,7,71.88,42
B,7,72.43,0
B,7,72.7,43
B,7,72.7,43
B,7,72.7,43
B,7,72.7,43
B,7,72.7,43
B,7,72.7,43
B,7,76.71,0
B,7,77.51,44
B,7,77.51,44
B,7,77.51,44
B,7,77.51,44
B,7,77.51,44
B,7,77.51,44
B,7,77.51,44
B,7,77.78,0
B,7,84.22,0
B,7,84.49,0
B,7,84.75,0
B,7,85.02,45
B,7,85.02,45
B,7,86.14,46
B,7,86.14,46
B,7,91.48,47
B,7,91.48,47
B,7,91.48,47
B,7,96.94,48
B,7,96.94,48
B,7,97.74,49
B,7,97.74,49
B,7,97.74,49
B,7,97.74,49
B,7,97.74,49
B,7,100.87,50
B,7,100.87,50
D,1,0,0
D,1,0.27,0
D,1,7.16,0
D,1,7.68,1
D,1,7.68,1
D,1,7.68,1
D,1,8.8,2
D,1,8.8,2
D,1,10.57,0
D,1,12.49,3
D,1,12.49,3
D,1,12.49,3
D,1,12.49,3
D,1,12.49,3
D,1,12.49,3
D,1,12.77,0
D,1,13.03,0
D,1,13.56,4
D,1,13.56,4
D,1,13.56,4
D,1,13.56,4
D,1,13.56,4
D,1,14.09,5
D,1,14.09,5
D,1,15.15,6
D,1,15.15,6
D,1,15.41,7
D,1,15.41,7
D,1,15.41,7
D,1,17.38,0
D,2,0,1
D,2,0,1
D,2,0,1
D,2,4.99,0
D,2,5.77,2
D,2,5.77,2
D,2,5.77,2
D,2,5.77,2
D,2,6.3,3
D,2,6.3,3
D,2,6.3,3
D,2,6.3,3
D,2,9.96,0
D,2,11.33,0
D,2,11.86,0
D,2,12.41,4
D,2,12.41,4
D,2,12.66,0
D,2,12.92,5
D,2,12.92,5
D,2,12.92,5
D,2,12.92,5
D,2,13.19,6
D,2,13.19,6
D,2,13.19,6
D,2,13.19,6
D,2,13.19,6
D,2,13.19,6
D,2,13.44,7
D,2,13.44,7
D,2,13.44,7
D,2,13.44,7
D,2,13.72,8
D,2,13.72,8
D,2,13.72,8
D,2,13.72,8
D,2,16.81,9
D,2,16.81,9
D,2,17.34,10
D,2,17.34,10
D,2,17.34,10
D,2,17.34,10
D,2,17.34,10
D,2,17.34,10
D,2,17.34,10
D,2,17.59,11
D,2,17.59,11
D,2,17.59,11
D,2,17.59,11
D,2,17.59,11
D,2,17.59,11
D,2,17.59,11
D,2,17.59,11
D,2,17.59,11
D,2,17.85,12
D,2,17.85,12
D,2,17.85,12
D,2,17.85,12
D,2,17.85,12
D,2,17.85,12
D,2,17.85,12
D,2,18.11,13
D,2,18.11,13
D,2,18.11,13
D,2,18.11,13
D,2,18.63,14
D,2,18.63,14
D,2,18.63,14
D,2,18.63,14
D,2,18.63,14
D,2,19.15,0
D,2,19.41,15
D,2,19.41,15
D,2,19.41,15
D,2,19.41,15
D,2,19.41,15
D,2,19.41,15
D,2,19.41,15
D,2,19.67,16
D,2,19.67,16
D,2,20.2,17
D,2,20.2,17
D,2,20.2,17
D,2,25.95,0
D,2,32.08,0
D,2,35.82,18
D,2,35.82,18
D,2,35.82,18
D,2,35.82,18
D,2,35.82,18
D,2,36.08,19
D,2,36.08,19
D,2,46.68,20
D,2,46.68,20
D,2,46.68,20
D,2,46.93,21
D,2,46.93,21
D,2,47.18,0
D,2,47.69,22
D,2,47.69,22
D,2,47.95,23
D,2,47.95,23
D,2,49.02,24
D,2,49.02,24
D,2,50.09,25
D,2,50.09,25
D,2,50.09,25
D,2,51.17,0
D,2,61.31,26
D,2,61.31,26
D,2,61.31,26
D,2,62.91,26
D,2,62.91,26
D,2,62.91,26
D,2,62.91,26
D,2,62.91,26
D,2,62.91,26
D,2,62.91,26
D,2,62.91,26
D,2,62.91,26
D,2,62.91,26
D,2,63.17,0
D,3,0,1
D,3,0,1
D,3,0,1
D,3,0,1
D,3,0,1
D,3,0,1
D,3,0,1
D,3,0.26,2
D,3,0.26,2
D,3,1.14,0
D,3,1.72,3
D,3,1.72,3
D,3,1.72,3
D,3,1.72,3
D,3,1.72,3
D,3,1.72,3
D,3,1.72,3
D,3,1.72,3
D,3,1.72,3
D,3,1.72,3
D,3,1.72,3
D,4,0,0
D,4,4.53,1
D,4,4.53,1
D,4,6.27,0
D,4,10.22,0
D,4,10.49,0
D,4,14.3,0
D,4,19.28,2
D,4,19.28,2
D,4,19.28,2
D,4,19.55,3
D,4,19.55,3
D,4,19.55,3
D,4,19.55,3
D,4,19.82,0
D,5,0,1
D,5,0,1
D,5,0,1
D,5,0,1
D,5,0,1
D,5,0,1
D,5,0,1
D,5,0.27,2
D,5,0.27,2
D,5,0.27,2
D,5,0.54,3
D,5,0.54,3
D,5,0.81,0
D,5,1.07,4
D,5,1.07,4
D,5,1.07,4
D,5,1.6,0
D,5,2.13,0
D,5,2.39,0
D,5,2.66,5
D,5,2.66,5
D,5,3.19,0
D,5,3.45,6
D,5,3.45,6
D,5,3.45,6
D,5,3.45,6
D,5,3.45,6
D,5,3.45,6
D,5,3.72,7
D,5,3.72,7
D,5,3.72,7
D,5,4.8,8
D,5,4.8,8
D,5,4.8,8
D,5,4.8,8
D,5,4.8,8
D,5,4.8,8
D,5,4.8,8
D,5,4.8,8
D,5,4.8,8
D,5,4.8,8
D,5,4.8,8
D,5,4.8,8
D,5,4.8,8
D,6,0,0
D,6,2.33,0
D,6,2.66,0
D,6,3.28,0
D,6,4.22,1
D,6,4.22,1
D,6,4.49,2
D,6,4.49,2
D,6,4.49,2
D,6,4.49,2
D,6,4.49,2
D,7,0,0
D,7,2.06,1
D,7,2.06,1
D,7,2.06,1
D,7,13.62,2
D,7,13.62,2
D,7,16.3,3
D,7,16.3,3
D,7,16.3,3
D,7,16.3,3
D,7,18.07,0
D,7,18.35,4
D,7,18.35,4
D,7,18.35,4
D,7,18.35,4
D,7,18.35,4
D,7,18.63,0
D,7,59.85,5
D,7,59.85,5
D,7,60.17,6
D,7,60.17,6
D,7,61.73,7
D,7,61.73,7
D,7,61.73,7
D,7,61.73,7
D,7,62,0
D,7,62.27,8
D,7,62.27,8
D,7,62.27,8
D,7,62.54,0
D,7,62.8,0
D,7,63.07,9
D,7,63.07,9
D,7,63.07,9
D,7,63.07,9
D,7,63.07,9
D,7,63.07,9
D,7,63.07,9
D,7,63.07,9
D,7,63.07,9
